peer_id,worker_id,creator,owner_kind,controller
12D3KooWKSaqv2B7qS2jZK1TNCYQztRfJ4CfBKsrt1za2XCunxAM,1782,0xec6E0dBf15C8a106471A9163A4848C4e8D06b63D,vesting,0x80c88d21975aB9829181536766d15005444B9aAd
12D3KooWBdmnQ2o7ehShyLCsr5LDA9CyReaSQ9JtFKxvTP2Lrmim,2257,0x920848e15407e7d1a88B5E16506a5724BFDe9164,vesting,0x2aA9ADb88efa160A1987DBbf42B916aB83983751
12D3KooWRxb5P5tkLkZTQia6Nj6YjW5mWMH2FBjCDaCTanT5ftDF,313,0xB35728D533Ea887862b9Ed00cfe2B7F3D36A4e71,vesting,0xA205c6e35e0814B0A602b016B539E819807f27F3
12D3KooWJsroERXwCgfXXiQNoPwdvea1We8XL59GJEuSsoNa3tep,909,0xC99B581a508e8ae499671B4fa1d43E96B127094f,vesting,0x51FF35792Ec01fEA7048A295Ea68A3156d92b629
12D3KooWNqk7Xv6BX8z6nnw5bmVBRppNFWcM1bxsi9SWjjTJXiCi,4394,0x5CF5A099A9089b31689B16cd83d06b6ce154c41b,eoa,0x5CF5A099A9089b31689B16cd83d06b6ce154c41b
12D3KooWDYPYccxU1eiznsYGQZG8cNnwPpLekW1eGXRSV2XRAVfJ,706,0xB35728D533Ea887862b9Ed00cfe2B7F3D36A4e71,vesting,0xA205c6e35e0814B0A602b016B539E819807f27F3
12D3KooWRkRdHmSuLJgqPP34TApisK1VJqZf6XroWGPH6LZfGbhW,4198,0x5CF5A099A9089b31689B16cd83d06b6ce154c41b,eoa,0x5CF5A099A9089b31689B16cd83d06b6ce154c41b
12D3KooWNvvUnzapbsbwP3knVzfXU69DEMeQuemQhx4xubbmzuKX,3952,0xebc625Cee6367CF65b4ba8f8D99eA4BEAf01035f,vesting,0xdADB8013e3764DDd303D9B15A3a7b513e7089744
12D3KooWMwLeTYhHubQ33AUsuvi4VSjJHnykd1RX1jFXUtZhw5V6,4487,0x43d6A791c7db5C4dc2535a648FB25307FbD8478f,eoa,0x43d6A791c7db5C4dc2535a648FB25307FbD8478f
12D3KooWDXEk4Q6f8fLvAruhFpuxcF8jaiD7dS5PjiifA3mbRFFH,730,0xB35728D533Ea887862b9Ed00cfe2B7F3D36A4e71,vesting,0xA205c6e35e0814B0A602b016B539E819807f27F3
12D3KooWJoHktngwVP7upPqMg29bVikrpU1zUDe1ukf7w2uYHo7C,4152,0x5CF5A099A9089b31689B16cd83d06b6ce154c41b,eoa,0x5CF5A099A9089b31689B16cd83d06b6ce154c41b
12D3KooWDn2zBZDXrq8XtgkugaYt4as2P7c5VHzSkYS74r83L6eT,4429,0x5CF5A099A9089b31689B16cd83d06b6ce154c41b,eoa,0x5CF5A099A9089b31689B16cd83d06b6ce154c41b
12D3KooWPe6PJnmCWJmuUr3WaWshqJJPXEjneyyTEZDAPWLkWtyc,4341,0x5CF5A099A9089b31689B16cd83d06b6ce154c41b,eoa,0x5CF5A099A9089b31689B16cd83d06b6ce154c41b
12D3KooWCfokn7HCSZLn6oa22kq9GPHkWydE1swx4xKdVpoZ4uvD,3432,0xcd65B8BeeE22C8D1De6653A47e928d387e037aD3,eoa,0xcd65B8BeeE22C8D1De6653A47e928d387e037aD3
12D3KooWG5Rdr9cgvwF3Uiu5iavN9MFFwp47nU9tBuYSmvrvougF,4403,0x5CF5A099A9089b31689B16cd83d06b6ce154c41b,eoa,0x5CF5A099A9089b31689B16cd83d06b6ce154c41b
12D3KooWDbGVPZ9mPx3ksR7WLhVQ8PAdkWR1Z6W4afUCpww1AE9w,2265,0x920848e15407e7d1a88B5E16506a5724BFDe9164,vesting,0x2aA9ADb88efa160A1987DBbf42B916aB83983751
12D3KooWAhU7jQMS2RF2DxFYneqLTmgpWcu5Lc8N9VpUE1Ux77Wb,425,0xB35728D533Ea887862b9Ed00cfe2B7F3D36A4e71,vesting,0xA205c6e35e0814B0A602b016B539E819807f27F3
12D3KooWRChRhfeDADMtEU2YFhs5KDCTV3Xy7ppjMTqXkHSJ7yS4,2253,0x920848e15407e7d1a88B5E16506a5724BFDe9164,vesting,0x2aA9ADb88efa160A1987DBbf42B916aB83983751
12D3KooWQ1oVrfCjTq41oGr8VUkdZLbw3pbfrhbE1wavKVjwxTse,2263,0x920848e15407e7d1a88B5E16506a5724BFDe9164,vesting,0x2aA9ADb88efa160A1987DBbf42B916aB83983751
12D3KooWKGgWrVGR9kqQxGFnN6idx85atjXYdGHFJ76Ge3Xju5L4,2186,0x920848e15407e7d1a88B5E16506a5724BFDe9164,vesting,0x2aA9ADb88efa160A1987DBbf42B916aB83983751
12D3KooWSsTnNkokaiFNz78JtsgBMaS3qhdResU9aQrN7EtMqbVt,4311,0x5CF5A099A9089b31689B16cd83d06b6ce154c41b,eoa,0x5CF5A099A9089b31689B16cd83d06b6ce154c41b
12D3KooWE8hXgHaqC13kmAEyETqNpVYsN44tuLtmng8mYNziaYSZ,4210,0x5CF5A099A9089b31689B16cd83d06b6ce154c41b,eoa,0x5CF5A099A9089b31689B16cd83d06b6ce154c41b
12D3KooWN1hKfp45DZboFtGZv2aGvcaPrngCZFW28srBJtbZcXDe,4331,0x5CF5A099A9089b31689B16cd83d06b6ce154c41b,eoa,0x5CF5A099A9089b31689B16cd83d06b6ce154c41b
12D3KooWAPjZbmFWAG986qeCFdeuYRpC6d1MyAAVGtHhwxuQw6gX,2122,0x73471B6AB0b62d6918656B467317771C60094937,vesting,0x678d14c7e33f8D699aE3B9C0ca077245969D1942
12D3KooWN6TrcHcknweCTFNFYX35ErhVnvJ1fwTuisBmzDcEiidF,2156,0x73471B6AB0b62d6918656B467317771C60094937,vesting,0x678d14c7e33f8D699aE3B9C0ca077245969D1942
12D3KooWHLss1o7bA8hwCkBi5rJQhCaVUWSoSF64NNzVsf9rPYqb,4408,0x5CF5A099A9089b31689B16cd83d06b6ce154c41b,eoa,0x5CF5A099A9089b31689B16cd83d06b6ce154c41b
12D3KooWDvVPfZHjyZP3JtSiAL4nZqD5nakqf3SW3Mu4eu787Yvd,1773,0xec6E0dBf15C8a106471A9163A4848C4e8D06b63D,vesting,0x80c88d21975aB9829181536766d15005444B9aAd
12D3KooWPveEQtsk5q7S2fEg2xWNFepiqswWsBkYwLeq9LFmQd56,468,0xB35728D533Ea887862b9Ed00cfe2B7F3D36A4e71,vesting,0xA205c6e35e0814B0A602b016B539E819807f27F3
12D3KooWR9Ur3tCCvd49mWXKR2tmipme147UKwYyp2bX64U7fCs6,4496,0xA205c6e35e0814B0A602b016B539E819807f27F3,eoa,0xA205c6e35e0814B0A602b016B539E819807f27F3
12D3KooWMd5PNxH92YaYFV2b7gEYbuj9rCt1Urpc9njzA4yQbdkC,2274,0x920848e15407e7d1a88B5E16506a5724BFDe9164,vesting,0x2aA9ADb88efa160A1987DBbf42B916aB83983751
12D3KooWGPXRCd8BNGLcjgcHSs2Jg7tZp36R2qXoNJqw2avjnuo4,4472,0x43d6A791c7db5C4dc2535a648FB25307FbD8478f,eoa,0x43d6A791c7db5C4dc2535a648FB25307FbD8478f
12D3KooWBKL2keqGhZqAWBcdbUTcNLK5rT8Zgnp4pZwGDmZd5i84,3976,0xebc625Cee6367CF65b4ba8f8D99eA4BEAf01035f,vesting,0xdADB8013e3764DDd303D9B15A3a7b513e7089744
12D3KooWBbHqwmyFtddt7riqLNmaUokhzokkrNsh8x6X5C1JyF3a,1742,0xec6E0dBf15C8a106471A9163A4848C4e8D06b63D,vesting,0x80c88d21975aB9829181536766d15005444B9aAd
12D3KooWJNezGNnNp5gVbgYfir6ouYu5smYFoFxKJ2czk5ptkubQ,2184,0x73471B6AB0b62d6918656B467317771C60094937,vesting,0x678d14c7e33f8D699aE3B9C0ca077245969D1942
12D3KooWJcbjUiy9p23kfFK18VbS2mRHkocmL8oXvC4wwRfYooTU,3417,0xcd65B8BeeE22C8D1De6653A47e928d387e037aD3,eoa,0xcd65B8BeeE22C8D1De6653A47e928d387e037aD3
12D3KooWH792mNec6vwAwm2GD3KQjUaMiURrjwzUaYoLJUBUNnmS,2160,0x73471B6AB0b62d6918656B467317771C60094937,vesting,0x678d14c7e33f8D699aE3B9C0ca077245969D1942
12D3KooWQ1tGZDNrViN1w8ywbLHEfzr1FSxiSFipY1ss9vgFuL8v,1758,0xec6E0dBf15C8a106471A9163A4848C4e8D06b63D,vesting,0x80c88d21975aB9829181536766d15005444B9aAd
12D3KooWMAGzgXU9iHL8EMPhboQfLBqnLjxkqUpXxvQsThVx7QZW,809,0xC99B581a508e8ae499671B4fa1d43E96B127094f,vesting,0x51FF35792Ec01fEA7048A295Ea68A3156d92b629
12D3KooWQbSLRaiKaTfNsEDsmXqxkjHdrXr25cfzjhu3gFdmcYn8,4293,0x5CF5A099A9089b31689B16cd83d06b6ce154c41b,eoa,0x5CF5A099A9089b31689B16cd83d06b6ce154c41b
12D3KooWSLFVq1RZbVmYWgq3ZkcYLBeskXNC7GVPeYVXGPqWm6Ub,817,0xC99B581a508e8ae499671B4fa1d43E96B127094f,vesting,0x51FF35792Ec01fEA7048A295Ea68A3156d92b629
12D3KooWS8quUAnmGWex8DcsF6DNSz6vMNZEwtbfGkw7KyqkYtUH,311,0xB35728D533Ea887862b9Ed00cfe2B7F3D36A4e71,vesting,0xA205c6e35e0814B0A602b016B539E819807f27F3
12D3KooWF5tynTzMA7scRwbbRfYRpYBuqp5USBWAdn3qpsm39tyY,920,0xC99B581a508e8ae499671B4fa1d43E96B127094f,vesting,0x51FF35792Ec01fEA7048A295Ea68A3156d92b629
12D3KooWCBUuuEFpCtvsyfPRDGBJmyFUhEKtXW9nqasN31cBfiYt,1759,0xec6E0dBf15C8a106471A9163A4848C4e8D06b63D,vesting,0x80c88d21975aB9829181536766d15005444B9aAd
12D3KooWAgMJrZU6mEoE6HmqXubUGfAXE6p8C8XKcHUungYHdEbA,4417,0x5CF5A099A9089b31689B16cd83d06b6ce154c41b,eoa,0x5CF5A099A9089b31689B16cd83d06b6ce154c41b
12D3KooWP8z4wF3Ret1qRkKpiiDkkBTbup2KxQphzHckRQKPdnPt,4379,0xf0C4B0eCD1C37760fDF6cfF39847dcBd421c5792,vesting,0x5CF5A099A9089b31689B16cd83d06b6ce154c41b
12D3KooWBGPbGtmMxM13M4m1EpAkZ8RgcTXfdEowCV4mw2HncJQk,4359,0x5CF5A099A9089b31689B16cd83d06b6ce154c41b,eoa,0x5CF5A099A9089b31689B16cd83d06b6ce154c41b
12D3KooWSnKmUHQKrFyYEHWKDLvd9BtTmkmGK8F4bPAHEGuQcCj2,3980,0xebc625Cee6367CF65b4ba8f8D99eA4BEAf01035f,vesting,0xdADB8013e3764DDd303D9B15A3a7b513e7089744
12D3KooWLrSfqWmEryCFmszTkvABMaudb8qffoC5DGuR5e2amkW3,4288,0x5CF5A099A9089b31689B16cd83d06b6ce154c41b,eoa,0x5CF5A099A9089b31689B16cd83d06b6ce154c41b
12D3KooWLwNbEWdkPnAnJrxeZEYsBMe6mVS3GbjLkPkWBi6sRABP,2283,0x920848e15407e7d1a88B5E16506a5724BFDe9164,vesting,0x2aA9ADb88efa160A1987DBbf42B916aB83983751
12D3KooWCdamPTWWXzY3dvGYRXzwkMuFZ9jrkkrhK7WCe8gwbARR,4303,0x5CF5A099A9089b31689B16cd83d06b6ce154c41b,eoa,0x5CF5A099A9089b31689B16cd83d06b6ce154c41b
12D3KooWPSq7X3J5EvZQKPzKhVTk3oyptLuKiEX6ruhjanL9eu3U,4218,0x5CF5A099A9089b31689B16cd83d06b6ce154c41b,eoa,0x5CF5A099A9089b31689B16cd83d06b6ce154c41b
12D3KooWEv9Sozbd5EW7qv9ah5CqaQjHhY2mTwjSd6dTS6bcTkMJ,4307,0x5CF5A099A9089b31689B16cd83d06b6ce154c41b,eoa,0x5CF5A099A9089b31689B16cd83d06b6ce154c41b
12D3KooWN7L91bFBUmZMnwpPBKygzk3Z97FZ23BweiGGnbhGGKxJ,379,0xB35728D533Ea887862b9Ed00cfe2B7F3D36A4e71,vesting,0xA205c6e35e0814B0A602b016B539E819807f27F3
12D3KooWBNhLRZouyhBftmcWBr6LezSUKQUFYfruRU29f8T1325v,4195,0x5CF5A099A9089b31689B16cd83d06b6ce154c41b,eoa,0x5CF5A099A9089b31689B16cd83d06b6ce154c41b
12D3KooWNy16VVVnS7DdysnskGUoGchT98xKDmwkWtWwV2wDkGzb,4375,0xf0C4B0eCD1C37760fDF6cfF39847dcBd421c5792,vesting,0x5CF5A099A9089b31689B16cd83d06b6ce154c41b
12D3KooWSzvi7CMMqtjJsEN1nQi4ro61uSnyRhcoNQvfwpW7ArRd,2233,0x920848e15407e7d1a88B5E16506a5724BFDe9164,vesting,0x2aA9ADb88efa160A1987DBbf42B916aB83983751
12D3KooWAJw1TLs5s655qus7r1C4ijYCqfeQaGKDsQLnMgGB7FJB,4412,0x5CF5A099A9089b31689B16cd83d06b6ce154c41b,eoa,0x5CF5A099A9089b31689B16cd83d06b6ce154c41b
12D3KooWBVEC5rjZF4DwFuZqFGi1PPsNr5eJ8R4yT7sCiqBMyivW,4406,0x5CF5A099A9089b31689B16cd83d06b6ce154c41b,eoa,0x5CF5A099A9089b31689B16cd83d06b6ce154c41b
12D3KooWJ3Uo1QZ29E2qfoVUAL6b749MfqwsntA5XM9VQUoLuvJJ,2137,0x73471B6AB0b62d6918656B467317771C60094937,vesting,0x678d14c7e33f8D699aE3B9C0ca077245969D1942
12D3KooWMK199WZ7Ja83rSSimWLf4iMkusgDzFnoUjh96khDBy63,4289,0x5CF5A099A9089b31689B16cd83d06b6ce154c41b,eoa,0x5CF5A099A9089b31689B16cd83d06b6ce154c41b
12D3KooWQ72aD3ay6DnKPi3jrzwdZn2KGq6zKt7kT3yWW6sGV7af,4439,0x43d6A791c7db5C4dc2535a648FB25307FbD8478f,eoa,0x43d6A791c7db5C4dc2535a648FB25307FbD8478f
12D3KooWFVbbieG6txU6KmUqXmT5Jf71A99VQ3uo1PBstQGGjwV8,674,0xB35728D533Ea887862b9Ed00cfe2B7F3D36A4e71,vesting,0xA205c6e35e0814B0A602b016B539E819807f27F3
12D3KooWJ6gDoQ4mLTLMr1jQA8857X8sKYMSi5CrMvbzMeZdQ6Wa,4175,0x5CF5A099A9089b31689B16cd83d06b6ce154c41b,eoa,0x5CF5A099A9089b31689B16cd83d06b6ce154c41b
12D3KooWRMntqDkdA3LRKRbFfN1nDipZdUaSTbSW4ccGiCEG5RYW,923,0xC99B581a508e8ae499671B4fa1d43E96B127094f,vesting,0x51FF35792Ec01fEA7048A295Ea68A3156d92b629
12D3KooWSRYJnHgy28GkEHN8aMuNccZXXXALUT9kp9w3FCs49Qm9,4366,0x5CF5A099A9089b31689B16cd83d06b6ce154c41b,eoa,0x5CF5A099A9089b31689B16cd83d06b6ce154c41b
12D3KooWSk9DJCFk2s2J8yjy9XmBwQaQWrB5yM5e1RFhgHMz7TB7,719,0xB35728D533Ea887862b9Ed00cfe2B7F3D36A4e71,vesting,0xA205c6e35e0814B0A602b016B539E819807f27F3
12D3KooWRR5upy3oQzVAPCFfDWqpZMkq7TtDx1fzeae8PfoNnGmo,1743,0xec6E0dBf15C8a106471A9163A4848C4e8D06b63D,vesting,0x80c88d21975aB9829181536766d15005444B9aAd
12D3KooWNGCDVw9zWkYp7exZFw4pfoUrvVBAkWPoxoZqnGrGpsBk,4351,0x5CF5A099A9089b31689B16cd83d06b6ce154c41b,eoa,0x5CF5A099A9089b31689B16cd83d06b6ce154c41b
12D3KooWRjGhTEKHpkwtxi5YFNn5Rpya3iFSUMHGr7dW7qa3aRrU,4494,0x43d6A791c7db5C4dc2535a648FB25307FbD8478f,eoa,0x43d6A791c7db5C4dc2535a648FB25307FbD8478f
12D3KooWDGtTxYJeYxpQHgyRxcovJxUKUHk9HdkV72HM7v1VBBkv,4271,0x5CF5A099A9089b31689B16cd83d06b6ce154c41b,eoa,0x5CF5A099A9089b31689B16cd83d06b6ce154c41b
12D3KooWMLVnF1c4WpS2b142vcvZ7TUD8uCkzCgwedvy48tfWNoh,2175,0x73471B6AB0b62d6918656B467317771C60094937,vesting,0x678d14c7e33f8D699aE3B9C0ca077245969D1942
12D3KooWBWp6GNdZyVSFEq5VBkyxvvWS25foEMuNNcoioHBodpNB,320,0xB35728D533Ea887862b9Ed00cfe2B7F3D36A4e71,vesting,0xA205c6e35e0814B0A602b016B539E819807f27F3
12D3KooWE7phdpnGL1k5VgM9YNaLVUWSQomHvnkDWSog2ZX6VBNz,4285,0x5CF5A099A9089b31689B16cd83d06b6ce154c41b,eoa,0x5CF5A099A9089b31689B16cd83d06b6ce154c41b
12D3KooWSgAMUq5Yhzt5auBqbjeRHphGMfAYskfqM3q84DbDT5jZ,4391,0x5CF5A099A9089b31689B16cd83d06b6ce154c41b,eoa,0x5CF5A099A9089b31689B16cd83d06b6ce154c41b
12D3KooWS2X9Zxr7MCrwV7AnyLHTd6dymFKKnRU2Gcz4zXBMSfMF,4270,0x5CF5A099A9089b31689B16cd83d06b6ce154c41b,eoa,0x5CF5A099A9089b31689B16cd83d06b6ce154c41b
12D3KooWPUQRex5KLyDBw4zN9qBim8oVKdXL33Rv2H6Eb9f74hGh,3406,0xec6E0dBf15C8a106471A9163A4848C4e8D06b63D,vesting,0x80c88d21975aB9829181536766d15005444B9aAd
12D3KooWMDrHQSjmr5yBTh9eTUn4TRZ5xmpscWtZEaNU7aAfiYqu,4486,0x43d6A791c7db5C4dc2535a648FB25307FbD8478f,eoa,0x43d6A791c7db5C4dc2535a648FB25307FbD8478f
12D3KooWCdQg7g7h5YMWVfiZtbCmtr8F1KYARCUS49GgdEkvC6BV,927,0xC99B581a508e8ae499671B4fa1d43E96B127094f,vesting,0x51FF35792Ec01fEA7048A295Ea68A3156d92b629
12D3KooWMVsqrKJw1qX1Z6v3bXjUSExqLFXbPQDHMB3UapB34mDo,4443,0x43d6A791c7db5C4dc2535a648FB25307FbD8478f,eoa,0x43d6A791c7db5C4dc2535a648FB25307FbD8478f
12D3KooWSu5rH5Qp3CJYbBAnpLsDDszhKudMLCpNYaFPErjQ3wW1,514,0xB35728D533Ea887862b9Ed00cfe2B7F3D36A4e71,vesting,0xA205c6e35e0814B0A602b016B539E819807f27F3
12D3KooWNH37oermVfwjY36EngGJvHUuYnzKfSb8ifq8qEkdBSAo,737,0xB35728D533Ea887862b9Ed00cfe2B7F3D36A4e71,vesting,0xA205c6e35e0814B0A602b016B539E819807f27F3
12D3KooWQUVCdpz52HH4Xjv1eucCP61sze1sJ8DpjYGJ4jCtQict,2164,0x73471B6AB0b62d6918656B467317771C60094937,vesting,0x678d14c7e33f8D699aE3B9C0ca077245969D1942
12D3KooW9xAoPTkWo1CHdCubZPtUeuzrj7y5c3uGjKFij3aHfehQ,4367,0x5CF5A099A9089b31689B16cd83d06b6ce154c41b,eoa,0x5CF5A099A9089b31689B16cd83d06b6ce154c41b
12D3KooWL3Nq6mJGt7yQ2NczLYk5YBbPe77NY9aVJFct8rQsjLnF,3416,0xec6E0dBf15C8a106471A9163A4848C4e8D06b63D,vesting,0x80c88d21975aB9829181536766d15005444B9aAd
12D3KooWN3WRqCGsd16a6s6BPBcJFwYQ7PyqewyuMdQAamQevVbn,3979,0xebc625Cee6367CF65b4ba8f8D99eA4BEAf01035f,vesting,0xdADB8013e3764DDd303D9B15A3a7b513e7089744
12D3KooWMLMTxU3U5FmBxiPQm3ZoEgXLcveuZEkVggJwUhie8aBP,929,0xC99B581a508e8ae499671B4fa1d43E96B127094f,vesting,0x51FF35792Ec01fEA7048A295Ea68A3156d92b629
12D3KooWQDhPiYsMkLrSN3NVAHXWKT1gTCNxjQ6wnQCxLmSKr4Xv,4215,0x5CF5A099A9089b31689B16cd83d06b6ce154c41b,eoa,0x5CF5A099A9089b31689B16cd83d06b6ce154c41b
12D3KooWJQREhHGicRrC5WDNXRHtnzihTwhKZd7jLV9rv7VB8ra1,4352,0x5CF5A099A9089b31689B16cd83d06b6ce154c41b,eoa,0x5CF5A099A9089b31689B16cd83d06b6ce154c41b
12D3KooWBq3umekdUMz9F5zSGPFcifeKr25Hur3srdM1gRsvXH8g,4460,0x43d6A791c7db5C4dc2535a648FB25307FbD8478f,eoa,0x43d6A791c7db5C4dc2535a648FB25307FbD8478f
12D3KooWSNKKVWVWFfJt8NHFswZWsD8qaWtktSB7rGGbg9yfkKa6,536,0xB35728D533Ea887862b9Ed00cfe2B7F3D36A4e71,vesting,0xA205c6e35e0814B0A602b016B539E819807f27F3
12D3KooWBp3K2r2x1uL4vnoa7dTGpu6ZV24zcGpwoYuTY3VRwVcj,2094,0x73471B6AB0b62d6918656B467317771C60094937,vesting,0x678d14c7e33f8D699aE3B9C0ca077245969D1942
12D3KooWHfn9xPdSKAYRML9RwJRdUL73f5HH3JCxjFThgBAfjHpJ,1771,0xec6E0dBf15C8a106471A9163A4848C4e8D06b63D,vesting,0x80c88d21975aB9829181536766d15005444B9aAd
12D3KooWSk8dxi7obZti6LDENrKwMhvf8Vj5dwqGf29pdS1Va74U,1732,0xec6E0dBf15C8a106471A9163A4848C4e8D06b63D,vesting,0x80c88d21975aB9829181536766d15005444B9aAd
12D3KooWSVwbhVQH1yu27RiZEMZptT9BPx862a3Jv6HmNpfWQ5AP,2216,0x920848e15407e7d1a88B5E16506a5724BFDe9164,vesting,0x2aA9ADb88efa160A1987DBbf42B916aB83983751
12D3KooWMnAeyRsbxvyBLRZeR5AC5dTbgYV5g7j7xmfeJU3qXufS,4146,0x5CF5A099A9089b31689B16cd83d06b6ce154c41b,eoa,0x5CF5A099A9089b31689B16cd83d06b6ce154c41b
12D3KooW9t2vC5hxZgAifNJcEeestNqt4TwFsDAWcGLwpfGJGruV,4171,0x5CF5A099A9089b31689B16cd83d06b6ce154c41b,eoa,0x5CF5A099A9089b31689B16cd83d06b6ce154c41b
12D3KooWCu3gwJWQjx7Mh12C46bRUWj7TG3ff9vGoHgZTWqWo39Y,3399,0xec6E0dBf15C8a106471A9163A4848C4e8D06b63D,vesting,0x80c88d21975aB9829181536766d15005444B9aAd
12D3KooWLhyay72jM5cmUii47gfFFRSKDoVDf5QAx4WL2MwgWDj3,4362,0x5CF5A099A9089b31689B16cd83d06b6ce154c41b,eoa,0x5CF5A099A9089b31689B16cd83d06b6ce154c41b
12D3KooWCJ4mRPAG6xX1DP8Wx63hnmSWSy6ERYBpL8xUgSSQjThG,3969,0xebc625Cee6367CF65b4ba8f8D99eA4BEAf01035f,vesting,0xdADB8013e3764DDd303D9B15A3a7b513e7089744
12D3KooWCzgLVi7mxuirKXhBskHoTPyHADkPCLSSQc9MyfJLGwMG,4469,0x43d6A791c7db5C4dc2535a648FB25307FbD8478f,eoa,0x43d6A791c7db5C4dc2535a648FB25307FbD8478f
12D3KooWAq4MfLHSpKb6LmfBEXcxQeZYekqx7RSg1WCCnbLC1Gy4,4405,0x5CF5A099A9089b31689B16cd83d06b6ce154c41b,eoa,0x5CF5A099A9089b31689B16cd83d06b6ce154c41b
12D3KooWHN6iV1krNzhK6N9xrKZ27xGNnmkacXKzsuiR3VMNA4NA,4365,0x5CF5A099A9089b31689B16cd83d06b6ce154c41b,eoa,0x5CF5A099A9089b31689B16cd83d06b6ce154c41b
12D3KooWAAE2s6LYZY2BRXbjpKLsGLFj2nNMdcarRHo7tBdCjzzv,4386,0x5CF5A099A9089b31689B16cd83d06b6ce154c41b,eoa,0x5CF5A099A9089b31689B16cd83d06b6ce154c41b
12D3KooWPB2egmwSR5ooWmKMqVRubXFfaW7tmynVzd7NBwpez1Xw,4459,0x43d6A791c7db5C4dc2535a648FB25307FbD8478f,eoa,0x43d6A791c7db5C4dc2535a648FB25307FbD8478f
12D3KooWFAEogixWYnx1Wge2z77dfGjWvaVKpnrDC1wyCQ5vRav5,4287,0x5CF5A099A9089b31689B16cd83d06b6ce154c41b,eoa,0x5CF5A099A9089b31689B16cd83d06b6ce154c41b
12D3KooWDK7sm2StPW5QMqviP7SVB7F3oLkfhh6VUNuNyHRXR8PP,1750,0xec6E0dBf15C8a106471A9163A4848C4e8D06b63D,vesting,0x80c88d21975aB9829181536766d15005444B9aAd
12D3KooWSiSiaDMg1EqaquZ3yDkBbzfgmY4f7ZjEQ854dcoBtLvi,4272,0x5CF5A099A9089b31689B16cd83d06b6ce154c41b,eoa,0x5CF5A099A9089b31689B16cd83d06b6ce154c41b
12D3KooWDojBBTPxS72QPkXsNznmkiRHudPmWBLeKCfw1JzHAdXf,4342,0x5CF5A099A9089b31689B16cd83d06b6ce154c41b,eoa,0x5CF5A099A9089b31689B16cd83d06b6ce154c41b
12D3KooWPguBojdmXYrRQtewuHegK9Cvo9wmUQmjX8paRjeQKDxU,2277,0x920848e15407e7d1a88B5E16506a5724BFDe9164,vesting,0x2aA9ADb88efa160A1987DBbf42B916aB83983751
12D3KooWQfC1runmYEhQvd32a6cwz7Lwqite3sCM2aTJCZDSivkt,4279,0x5CF5A099A9089b31689B16cd83d06b6ce154c41b,eoa,0x5CF5A099A9089b31689B16cd83d06b6ce154c41b
12D3KooWGJP1yKMF83VTuCNEwP6uzmNtX2Tcuy857s6dnNYUtBTQ,1769,0xec6E0dBf15C8a106471A9163A4848C4e8D06b63D,vesting,0x80c88d21975aB9829181536766d15005444B9aAd
12D3KooWK2AXxXqZyhCjyUGoHmny2oBKLrjkU1jiFcHPMNAjMREH,4356,0x5CF5A099A9089b31689B16cd83d06b6ce154c41b,eoa,0x5CF5A099A9089b31689B16cd83d06b6ce154c41b
12D3KooWCc4pdgbBhFWbNwJTHgwCV2z2F4EGrETbXyBgEwSBmeSa,4194,0x5CF5A099A9089b31689B16cd83d06b6ce154c41b,eoa,0x5CF5A099A9089b31689B16cd83d06b6ce154c41b
12D3KooWLwbqJyPELYDmDeF9yRfD2zMvzh1FZm6DJRfEKbNhbRh8,3423,0xcd65B8BeeE22C8D1De6653A47e928d387e037aD3,eoa,0xcd65B8BeeE22C8D1De6653A47e928d387e037aD3
12D3KooWEC9NproEpMdA6qnSF8FKx7oV212QqC86aPf7BvpRRMo6,3403,0xec6E0dBf15C8a106471A9163A4848C4e8D06b63D,vesting,0x80c88d21975aB9829181536766d15005444B9aAd
12D3KooWPs6NAv3eoaNs9xASJNMx44QaDZ5VaXzLbkwq4qaiqwG7,3984,0xebc625Cee6367CF65b4ba8f8D99eA4BEAf01035f,vesting,0xdADB8013e3764DDd303D9B15A3a7b513e7089744
12D3KooWDAP8vZXoP4AwGhX3RtAaFsuRBWe2dcYCEyg1DvwFiQMn,4470,0x43d6A791c7db5C4dc2535a648FB25307FbD8478f,eoa,0x43d6A791c7db5C4dc2535a648FB25307FbD8478f
12D3KooWAcK9vDd9JgcP8LbKinRekKtgTbz4JTPgxGkrZvv8N8RL,4364,0x5CF5A099A9089b31689B16cd83d06b6ce154c41b,eoa,0x5CF5A099A9089b31689B16cd83d06b6ce154c41b
12D3KooWDnfAL1Yzqqt2hMcvWvXD2vvypYV5NRTjxYGyf6REb5Ly,4441,0x43d6A791c7db5C4dc2535a648FB25307FbD8478f,eoa,0x43d6A791c7db5C4dc2535a648FB25307FbD8478f
12D3KooWFSS6Xpx7dkZWQnUawvgWy7GajspBKbgCVewTxFyzEspk,4208,0x5CF5A099A9089b31689B16cd83d06b6ce154c41b,eoa,0x5CF5A099A9089b31689B16cd83d06b6ce154c41b
12D3KooWA11P7Pjr55xYfLbTJ4QBEhFrHbdqGhxiMTV4TfpuSzb6,684,0xB35728D533Ea887862b9Ed00cfe2B7F3D36A4e71,vesting,0xA205c6e35e0814B0A602b016B539E819807f27F3
12D3KooWESXzaSYLUw1wX8UEm5QfXmt9FsfZTM4qRcBpWwBC9aex,3426,0xcd65B8BeeE22C8D1De6653A47e928d387e037aD3,eoa,0xcd65B8BeeE22C8D1De6653A47e928d387e037aD3
12D3KooWRujUDMsBwdDbQZhx1UtELHKy8prmbvSF5Kqpw465BisK,1715,0xec6E0dBf15C8a106471A9163A4848C4e8D06b63D,vesting,0x80c88d21975aB9829181536766d15005444B9aAd
12D3KooWH6gqHS2rRLunECx2jBjzx8GT18KLzS2vLrMEQVXU5YAL,2134,0x73471B6AB0b62d6918656B467317771C60094937,vesting,0x678d14c7e33f8D699aE3B9C0ca077245969D1942
12D3KooWLfAWFyfvrmXPfvyYqivubGvdDbcGEDACyPd6cE6KDKzT,1794,0xec6E0dBf15C8a106471A9163A4848C4e8D06b63D,vesting,0x80c88d21975aB9829181536766d15005444B9aAd
12D3KooWPWzLP7sBfcdqykZ5rGauSF6pi8Up3PxiPGJ8Q7bXyKqx,4301,0x5CF5A099A9089b31689B16cd83d06b6ce154c41b,eoa,0x5CF5A099A9089b31689B16cd83d06b6ce154c41b
12D3KooWQiSNHyVLreg9S3ncmE6mBTAaZ96WSoWFaMxtRhRLHskq,4192,0x5CF5A099A9089b31689B16cd83d06b6ce154c41b,eoa,0x5CF5A099A9089b31689B16cd83d06b6ce154c41b
12D3KooWBwaWq2TeDEnxF5RudJLGBapq2ErXMBDavhsvLu3NHkc9,4290,0x5CF5A099A9089b31689B16cd83d06b6ce154c41b,eoa,0x5CF5A099A9089b31689B16cd83d06b6ce154c41b
12D3KooWSz1kqxSi2jaXr6mfX49bvH5MeBttqJ1qCjKjdF1LAVM6,745,0xB35728D533Ea887862b9Ed00cfe2B7F3D36A4e71,vesting,0xA205c6e35e0814B0A602b016B539E819807f27F3
12D3KooWNyDgT2uXbXixsECB9QUed1MWxrB2JPQKBa47bXGQJbqj,4161,0x5CF5A099A9089b31689B16cd83d06b6ce154c41b,eoa,0x5CF5A099A9089b31689B16cd83d06b6ce154c41b
12D3KooWFvV1EdLrxN1YQiKNh892bdKVRG7VvUnNMSYu8Nbc7WnG,3401,0xec6E0dBf15C8a106471A9163A4848C4e8D06b63D,vesting,0x80c88d21975aB9829181536766d15005444B9aAd
12D3KooWBzYgoEenybBkAoqxHNpvMdL4B1PctJxbMX1EKsXgskke,4169,0x5CF5A099A9089b31689B16cd83d06b6ce154c41b,eoa,0x5CF5A099A9089b31689B16cd83d06b6ce154c41b
12D3KooWRm48mAtzm5MnhbEkDVuf4sxehnzANy6YGDHndwGGGdeH,4432,0x43d6A791c7db5C4dc2535a648FB25307FbD8478f,eoa,0x43d6A791c7db5C4dc2535a648FB25307FbD8478f
12D3KooWLAyQXH9WgUjiGhdVKThfSwQC2jHdsVDGmgotkoWvFJpv,791,0xB35728D533Ea887862b9Ed00cfe2B7F3D36A4e71,vesting,0xA205c6e35e0814B0A602b016B539E819807f27F3
12D3KooWHojEby73K26VqKEjWJHTXZyaJBDdUmWmQgf9ViTf7jdJ,4147,0x5CF5A099A9089b31689B16cd83d06b6ce154c41b,eoa,0x5CF5A099A9089b31689B16cd83d06b6ce154c41b
12D3KooWBj5vyCxdDWJJrTnMUdeEGTQKzGyzi1RVAfeDHUybAXtd,316,0xB35728D533Ea887862b9Ed00cfe2B7F3D36A4e71,vesting,0xA205c6e35e0814B0A602b016B539E819807f27F3
12D3KooWN1rxme3AXBzYX5Ksp8JgMc5B1rirQVt5zbfi2pifvU6r,4398,0x5CF5A099A9089b31689B16cd83d06b6ce154c41b,eoa,0x5CF5A099A9089b31689B16cd83d06b6ce154c41b
12D3KooWSDUxgrkSSEG6gaMstBK3joQeWUiZ43H6AeEXQ5zELJc8,4242,0x5CF5A099A9089b31689B16cd83d06b6ce154c41b,eoa,0x5CF5A099A9089b31689B16cd83d06b6ce154c41b
12D3KooWJp3eyhzx7JdzVsKyUvvqk2gqpjFH9Wvj3E53foNnfMqM,4409,0x5CF5A099A9089b31689B16cd83d06b6ce154c41b,eoa,0x5CF5A099A9089b31689B16cd83d06b6ce154c41b
12D3KooWKwwSjYDgtvtb47A6QA8Spj9H9rnimUFyMixJC6C1TG4y,678,0xB35728D533Ea887862b9Ed00cfe2B7F3D36A4e71,vesting,0xA205c6e35e0814B0A602b016B539E819807f27F3
12D3KooWJQboT8w9zV9SeR7k3ENUtdJr7W95AP4XtjmYEEPTKihX,1795,0xec6E0dBf15C8a106471A9163A4848C4e8D06b63D,vesting,0x80c88d21975aB9829181536766d15005444B9aAd
12D3KooWD2433CmDi3LAHX8NZjXRHxVKo6HqA6Qn1vkoynV8DauE,4183,0x5CF5A099A9089b31689B16cd83d06b6ce154c41b,eoa,0x5CF5A099A9089b31689B16cd83d06b6ce154c41b
12D3KooWAsnzYrETfNNQswGgzazgpa9VGAZwGNZ2d27bPZrck8jU,4395,0x5CF5A099A9089b31689B16cd83d06b6ce154c41b,eoa,0x5CF5A099A9089b31689B16cd83d06b6ce154c41b
12D3KooWL1cconN7BF8kobrmzYdpFZFCAcT1MvFVXJjHfKgdG2t7,4176,0x5CF5A099A9089b31689B16cd83d06b6ce154c41b,eoa,0x5CF5A099A9089b31689B16cd83d06b6ce154c41b
12D3KooWJgMxVJxBbMAb6H5dHakoxjzzs7BARMAEXargMUvb8eQM,1799,0xec6E0dBf15C8a106471A9163A4848C4e8D06b63D,vesting,0x80c88d21975aB9829181536766d15005444B9aAd
12D3KooWJyXzy7CaWF8ZWkunsbPbxnE5gf5hNLFun1oHWhEtUMCt,4464,0x43d6A791c7db5C4dc2535a648FB25307FbD8478f,eoa,0x43d6A791c7db5C4dc2535a648FB25307FbD8478f
12D3KooWFm4WVMhxqq7vwmhZ4FTPZnusxgkBZvjH9rSMNTQmWFpv,4383,0x5CF5A099A9089b31689B16cd83d06b6ce154c41b,eoa,0x5CF5A099A9089b31689B16cd83d06b6ce154c41b
12D3KooWDdNeKNLn9GN7uTqFA7GxGPkF35kYi98sgEKSjNi9ttfN,427,0xB35728D533Ea887862b9Ed00cfe2B7F3D36A4e71,vesting,0xA205c6e35e0814B0A602b016B539E819807f27F3
12D3KooWBni4TgDV9Xsp5biyCdgsN2pbVrgRbfCYKfJFzWzHoBPC,4436,0x43d6A791c7db5C4dc2535a648FB25307FbD8478f,eoa,0x43d6A791c7db5C4dc2535a648FB25307FbD8478f
12D3KooWPPMwdzUDTuxCgm99cJa8NcxFpKMUdYUrbkv2vzGU8MCM,1784,0xec6E0dBf15C8a106471A9163A4848C4e8D06b63D,vesting,0x80c88d21975aB9829181536766d15005444B9aAd
12D3KooWJnfW6qLkTUWn95cNg1zC9j1LDzroMFWtAjZbQvHcUTCv,4160,0x5CF5A099A9089b31689B16cd83d06b6ce154c41b,eoa,0x5CF5A099A9089b31689B16cd83d06b6ce154c41b
12D3KooWDnEhEYbeW9e7jyCMZAH2FGsW7tkFnuAf9j8LNK3DWvKs,4154,0x5CF5A099A9089b31689B16cd83d06b6ce154c41b,eoa,0x5CF5A099A9089b31689B16cd83d06b6ce154c41b
12D3KooWSeJAbtVqC7kecckkRLCnzbyuUVcfrEHAKUFGZMt4Su3v,4329,0x5CF5A099A9089b31689B16cd83d06b6ce154c41b,eoa,0x5CF5A099A9089b31689B16cd83d06b6ce154c41b
12D3KooWScDAkPiUEmZwWJ3JdCKHdJUa6UZezL3YMNQ5DXFFhPwb,4159,0x5CF5A099A9089b31689B16cd83d06b6ce154c41b,eoa,0x5CF5A099A9089b31689B16cd83d06b6ce154c41b
12D3KooWSBVsKGA8vgCMk5WSVpcWt7aLVyUHirtKavnf3Z7bFAQn,713,0xB35728D533Ea887862b9Ed00cfe2B7F3D36A4e71,vesting,0xA205c6e35e0814B0A602b016B539E819807f27F3
12D3KooWKqCWDJKq624CxEuZV7q36X752GWLM71JbwpSuGkbfbW8,2272,0x920848e15407e7d1a88B5E16506a5724BFDe9164,vesting,0x2aA9ADb88efa160A1987DBbf42B916aB83983751
12D3KooWFQ9AxLGPNvKYZ3qx8JFa1bcEgUeNFbRoUz7wuR11Xyht,331,0xB35728D533Ea887862b9Ed00cfe2B7F3D36A4e71,vesting,0xA205c6e35e0814B0A602b016B539E819807f27F3
12D3KooWMrfFxNB1cFgQzLgBS9hnLT6X3hWrWqhr3LDBTTXVuicj,4318,0x5CF5A099A9089b31689B16cd83d06b6ce154c41b,eoa,0x5CF5A099A9089b31689B16cd83d06b6ce154c41b
12D3KooWNPy7mSBiKYkdjvzaRogV97urkNXJqoU4sLFoZLFxeHTU,4243,0x5CF5A099A9089b31689B16cd83d06b6ce154c41b,eoa,0x5CF5A099A9089b31689B16cd83d06b6ce154c41b
12D3KooWGNRGwts6YRR23abBKUBiCxorVAp5wooXHN6zjWznhjjb,1765,0xec6E0dBf15C8a106471A9163A4848C4e8D06b63D,vesting,0x80c88d21975aB9829181536766d15005444B9aAd
12D3KooWL7kAtRBJ7UNbEthAi5o8fDUeKfB4u5CcbCxxS2MRxr9L,4465,0x43d6A791c7db5C4dc2535a648FB25307FbD8478f,eoa,0x43d6A791c7db5C4dc2535a648FB25307FbD8478f
12D3KooWLMBnEhyMaCEKk4LaLLfCboa2m71EKPjghE1UfEDWDzPb,4260,0x5CF5A099A9089b31689B16cd83d06b6ce154c41b,eoa,0x5CF5A099A9089b31689B16cd83d06b6ce154c41b
12D3KooWANMt2LZLx64jBVnrCP8vNjtTpbMqETtdkkG5NYyiGcMP,2254,0x920848e15407e7d1a88B5E16506a5724BFDe9164,vesting,0x2aA9ADb88efa160A1987DBbf42B916aB83983751
12D3KooWS2dy3vgjnsTn8oNSbhexX5rqompmSNXm3crzGjDAa4yB,4157,0x5CF5A099A9089b31689B16cd83d06b6ce154c41b,eoa,0x5CF5A099A9089b31689B16cd83d06b6ce154c41b
12D3KooWQGHWZ9xMry4xKw5DqVJmPiEjLHrW8JbpQHW7z1h53bxA,1738,0xec6E0dBf15C8a106471A9163A4848C4e8D06b63D,vesting,0x80c88d21975aB9829181536766d15005444B9aAd
12D3KooWGGNsmDJJG9rgrYKLA6G1kBzjAcyD8WVbCcdqkGNq7wCg,4426,0x5CF5A099A9089b31689B16cd83d06b6ce154c41b,eoa,0x5CF5A099A9089b31689B16cd83d06b6ce154c41b
12D3KooWND2ETj1ukHSbcnErhPG1QJd7NcVEX6xmoV4zcyv9WWpy,4191,0x5CF5A099A9089b31689B16cd83d06b6ce154c41b,eoa,0x5CF5A099A9089b31689B16cd83d06b6ce154c41b
12D3KooWFr5W2HfYE1PmXTLTF78gr3Bov4VwnzbcBhsQh3haCfsU,4425,0x5CF5A099A9089b31689B16cd83d06b6ce154c41b,eoa,0x5CF5A099A9089b31689B16cd83d06b6ce154c41b
12D3KooWGD63BJACdTo7GzZL2xoAuicUJruLXKYTjfYYrfsmRpLs,1714,0xec6E0dBf15C8a106471A9163A4848C4e8D06b63D,vesting,0x80c88d21975aB9829181536766d15005444B9aAd
12D3KooWCQmAF7gyfebWAdDk8zAeZrVX8aDg9SnuqqkqcpPMzLz9,4263,0x5CF5A099A9089b31689B16cd83d06b6ce154c41b,eoa,0x5CF5A099A9089b31689B16cd83d06b6ce154c41b
12D3KooWPeGc3juY3yiG3Gi1JC5tcNFdeMtFRMhR77F3dxeEB9Dy,4349,0x5CF5A099A9089b31689B16cd83d06b6ce154c41b,eoa,0x5CF5A099A9089b31689B16cd83d06b6ce154c41b
12D3KooWMHHkmGQ32wrWNBquvdQuw2pZnNE6J1x1EDxnfHbfDq61,2105,0x73471B6AB0b62d6918656B467317771C60094937,vesting,0x678d14c7e33f8D699aE3B9C0ca077245969D1942
12D3KooWJssqLuQtCfUtzSYfzT3J5LU1R3gFgAmfbCChuWkX1yiK,4226,0x5CF5A099A9089b31689B16cd83d06b6ce154c41b,eoa,0x5CF5A099A9089b31689B16cd83d06b6ce154c41b
12D3KooW9yc7m9ohcEsKtEsePT8gBnC5xMMbRMZheL2F7YY9R1qd,4190,0x5CF5A099A9089b31689B16cd83d06b6ce154c41b,eoa,0x5CF5A099A9089b31689B16cd83d06b6ce154c41b
12D3KooWSpn25peumdxjePGL4jFQviaQxWnR5NpNTX16rV5CAWqn,4326,0x5CF5A099A9089b31689B16cd83d06b6ce154c41b,eoa,0x5CF5A099A9089b31689B16cd83d06b6ce154c41b
12D3KooWCYttPWNZWbAzsW2935vfeSHY6QZpbW6VEaDdrJ9feUmJ,4265,0x5CF5A099A9089b31689B16cd83d06b6ce154c41b,eoa,0x5CF5A099A9089b31689B16cd83d06b6ce154c41b
12D3KooWMcKygnfMVPWzt3zZsL2RiXkDG7Dg9yLfAeMP5XavaVDB,4328,0x5CF5A099A9089b31689B16cd83d06b6ce154c41b,eoa,0x5CF5A099A9089b31689B16cd83d06b6ce154c41b
12D3KooWNBSx7xRBH294Fn4TG1FeRoAXNros8jqf1HTzLT7PtpGQ,4466,0x43d6A791c7db5C4dc2535a648FB25307FbD8478f,eoa,0x43d6A791c7db5C4dc2535a648FB25307FbD8478f
12D3KooWExzhNXjFnvGfP3n43a8P9mpRKGfDgMzsGPUMb2TGUXsk,4167,0x5CF5A099A9089b31689B16cd83d06b6ce154c41b,eoa,0x5CF5A099A9089b31689B16cd83d06b6ce154c41b
12D3KooWSJTJV8X89AtBvabwKfzaDHBCj7AnZETxH6fsYxTHskES,708,0xB35728D533Ea887862b9Ed00cfe2B7F3D36A4e71,vesting,0xA205c6e35e0814B0A602b016B539E819807f27F3
12D3KooWDYDcDgUc9mMJqJAoPbQ4BBR53p9Z1eanYmv1xdAH3s2R,4227,0x5CF5A099A9089b31689B16cd83d06b6ce154c41b,eoa,0x5CF5A099A9089b31689B16cd83d06b6ce154c41b
12D3KooWBLUvsViptdsofTMNkRZZqg5MsGXC6J1xD6GPmAVuPvHE,4230,0x5CF5A099A9089b31689B16cd83d06b6ce154c41b,eoa,0x5CF5A099A9089b31689B16cd83d06b6ce154c41b
12D3KooWC5WeEoCpjwTyWqrMvwWXVZymzB1zh7o9vF77cHyT1dqD,509,0xB35728D533Ea887862b9Ed00cfe2B7F3D36A4e71,vesting,0xA205c6e35e0814B0A602b016B539E819807f27F3
12D3KooWE8ib7W7D4G6p6pxQjLoi4YMhHrma5H6BPvXGcuDFAiwe,4247,0x5CF5A099A9089b31689B16cd83d06b6ce154c41b,eoa,0x5CF5A099A9089b31689B16cd83d06b6ce154c41b
12D3KooWK5jZWkocVdvCUfz1bu5knJWUnTqSEAjjgG9TGAKvQgXb,4282,0x5CF5A099A9089b31689B16cd83d06b6ce154c41b,eoa,0x5CF5A099A9089b31689B16cd83d06b6ce154c41b
12D3KooWNYo4HGi5FZjdHP4tqxtAV5JTLm586S9yaYyZHWUt6YhJ,4264,0x5CF5A099A9089b31689B16cd83d06b6ce154c41b,eoa,0x5CF5A099A9089b31689B16cd83d06b6ce154c41b
12D3KooWHkdvfYiDugvfdKAJzsDngeAkemLGSPZZyG2fMuSXu3Ky,4454,0x43d6A791c7db5C4dc2535a648FB25307FbD8478f,eoa,0x43d6A791c7db5C4dc2535a648FB25307FbD8478f
12D3KooWSiaLjjhoyHWkisa4YZp98tv863rLQGZzccp8edEcFsas,2276,0x920848e15407e7d1a88B5E16506a5724BFDe9164,vesting,0x2aA9ADb88efa160A1987DBbf42B916aB83983751
12D3KooWMJpmqNxHXWXVP7bcsEDhSLTDUNYpYE4Xs6upq6VgKW5M,4201,0x5CF5A099A9089b31689B16cd83d06b6ce154c41b,eoa,0x5CF5A099A9089b31689B16cd83d06b6ce154c41b
12D3KooWPZkdRuFYgf4iMXyrdwHeo5EQakVowmH3z5JbhEU3SqEr,4153,0x5CF5A099A9089b31689B16cd83d06b6ce154c41b,eoa,0x5CF5A099A9089b31689B16cd83d06b6ce154c41b
12D3KooWGgBnTDiSHYRLpoNzuGU1hfbNsig9ZefrSSrAtRkcocaE,732,0xB35728D533Ea887862b9Ed00cfe2B7F3D36A4e71,vesting,0xA205c6e35e0814B0A602b016B539E819807f27F3
12D3KooWLcsRoNxJWCjmds9zpSvAjgENYCeSDs55ZeBWKnPWrJdw,2212,0x920848e15407e7d1a88B5E16506a5724BFDe9164,vesting,0x2aA9ADb88efa160A1987DBbf42B916aB83983751
12D3KooWDZfZNmQc9A6nUGR5CyqAhhsvWSEekBW1E6iycBLX75zD,939,0xC99B581a508e8ae499671B4fa1d43E96B127094f,vesting,0x51FF35792Ec01fEA7048A295Ea68A3156d92b629
12D3KooWHE8RQwoJkgkACjQVq8oXF4fot9cG6AfNAj16oFZnsbsG,4457,0x43d6A791c7db5C4dc2535a648FB25307FbD8478f,eoa,0x43d6A791c7db5C4dc2535a648FB25307FbD8478f
12D3KooWPUSQ8aKb3eyXTkbUgCn25wpfTTc9j2is51VE68TmmVzg,2262,0x920848e15407e7d1a88B5E16506a5724BFDe9164,vesting,0x2aA9ADb88efa160A1987DBbf42B916aB83983751
12D3KooWBpmZTn8ucEL6mYcBYfrCqbYgEQKA6rwdnZfm1NYgPwSx,4330,0x5CF5A099A9089b31689B16cd83d06b6ce154c41b,eoa,0x5CF5A099A9089b31689B16cd83d06b6ce154c41b
12D3KooWKtrwViaMb6pis5t4nSXqx4VpgtjJ8yZXUgSjBHC4xpza,3389,0xec6E0dBf15C8a106471A9163A4848C4e8D06b63D,vesting,0x80c88d21975aB9829181536766d15005444B9aAd
12D3KooWJpJoiXEtj2GDC35nGj8Vj66Jui6yZXgdMUBcu3S8BvCz,333,0xB35728D533Ea887862b9Ed00cfe2B7F3D36A4e71,vesting,0xA205c6e35e0814B0A602b016B539E819807f27F3
12D3KooWNnmSdSayo448K5UQCrvccx3CwWTyFNNoARTyhJovU2wj,4286,0x5CF5A099A9089b31689B16cd83d06b6ce154c41b,eoa,0x5CF5A099A9089b31689B16cd83d06b6ce154c41b
12D3KooWGzNYjfp4yrjFfLwDvL6a1MyKhzrdFP1gGAvY6yPob69n,4450,0x43d6A791c7db5C4dc2535a648FB25307FbD8478f,eoa,0x43d6A791c7db5C4dc2535a648FB25307FbD8478f
12D3KooWPRD2LV2VCvkiUxZys6e33sdZBDTk3qeu5hPMtTuK5VNo,4248,0x5CF5A099A9089b31689B16cd83d06b6ce154c41b,eoa,0x5CF5A099A9089b31689B16cd83d06b6ce154c41b
12D3KooWCXj8LCV7JzxXDznrhiZqiLsW8xrhDSamLakFLn5czZ9E,4451,0x43d6A791c7db5C4dc2535a648FB25307FbD8478f,eoa,0x43d6A791c7db5C4dc2535a648FB25307FbD8478f
12D3KooWHwgjqwMsyBhhpnswTpxFeDv1ioeVMQg9jXpNxX4ZrsUi,735,0xB35728D533Ea887862b9Ed00cfe2B7F3D36A4e71,vesting,0xA205c6e35e0814B0A602b016B539E819807f27F3
12D3KooWCPQATyuBewy8fBNKrhJHD9gE1Z83Jsj8PmcSduWVzEqL,4199,0x5CF5A099A9089b31689B16cd83d06b6ce154c41b,eoa,0x5CF5A099A9089b31689B16cd83d06b6ce154c41b
12D3KooWH5GxWEGXq3PFKvdFGK7M45hmWY5f7Ae6Fy4TqWvoY2os,4404,0x5CF5A099A9089b31689B16cd83d06b6ce154c41b,eoa,0x5CF5A099A9089b31689B16cd83d06b6ce154c41b
12D3KooWHiHbsSprFgL4gnoLNohf5trvRNkupEXbHyLctRBxvo5v,672,0xB35728D533Ea887862b9Ed00cfe2B7F3D36A4e71,vesting,0xA205c6e35e0814B0A602b016B539E819807f27F3
12D3KooWJJ8hd4FsiBcnY8nDECYz7VLwgKEexHTcbggmpHNJxABr,4397,0x5CF5A099A9089b31689B16cd83d06b6ce154c41b,eoa,0x5CF5A099A9089b31689B16cd83d06b6ce154c41b
12D3KooWRHWYcd7PTGYPdQgg1HySqZ79YvExn53xX5rEvz3Nuiwi,3405,0xec6E0dBf15C8a106471A9163A4848C4e8D06b63D,vesting,0x80c88d21975aB9829181536766d15005444B9aAd
12D3KooWMPY93n6AndhTsgmdxVApdFLBTCLCPsi25Cd5B2Cgb89V,4177,0x5CF5A099A9089b31689B16cd83d06b6ce154c41b,eoa,0x5CF5A099A9089b31689B16cd83d06b6ce154c41b
12D3KooWQy4JEhpB5cTocxQCbmNL4Te2JvCNddFzZfcge1iXiMDR,3402,0xec6E0dBf15C8a106471A9163A4848C4e8D06b63D,vesting,0x80c88d21975aB9829181536766d15005444B9aAd
12D3KooWL5h6DpWvR6jT3DtuXnQa2C6zWFoFUKPmngZzZjXN7Xrn,2221,0x920848e15407e7d1a88B5E16506a5724BFDe9164,vesting,0x2aA9ADb88efa160A1987DBbf42B916aB83983751
12D3KooWAorhccdaAKkQyrh6F9Ys94t39a696HwftQfDhC79nTDj,2126,0x73471B6AB0b62d6918656B467317771C60094937,vesting,0x678d14c7e33f8D699aE3B9C0ca077245969D1942
12D3KooWFCWosCe7k9e3e4Rh5giGuDKdTvkxWVwTWwd8W3n5VRk8,4284,0x5CF5A099A9089b31689B16cd83d06b6ce154c41b,eoa,0x5CF5A099A9089b31689B16cd83d06b6ce154c41b
12D3KooWEx7hYTdmZvFEw9AJdZ4pqNALs1n2SjASGR1Fhk2aYuLh,4422,0x5CF5A099A9089b31689B16cd83d06b6ce154c41b,eoa,0x5CF5A099A9089b31689B16cd83d06b6ce154c41b
12D3KooWFVp3XjtVzXv7817HDGoaHzc8NPGMpNMAgQBsgLds488E,2256,0x920848e15407e7d1a88B5E16506a5724BFDe9164,vesting,0x2aA9ADb88efa160A1987DBbf42B916aB83983751
12D3KooWFQUEt36m3RP9DaUX7RbBV54AL4nkx5nGuxy4tsU5y5zd,2188,0x920848e15407e7d1a88B5E16506a5724BFDe9164,vesting,0x2aA9ADb88efa160A1987DBbf42B916aB83983751
12D3KooWDu66JxdzifffJDgq4AcpNA2zyhpc5ameqco6jg5vU733,4189,0x5CF5A099A9089b31689B16cd83d06b6ce154c41b,eoa,0x5CF5A099A9089b31689B16cd83d06b6ce154c41b
12D3KooWNn5NuKJjEtNDVEbewZMvJK9KLeZd4qvcCLshYedvDf34,4333,0x5CF5A099A9089b31689B16cd83d06b6ce154c41b,eoa,0x5CF5A099A9089b31689B16cd83d06b6ce154c41b
12D3KooWKaNvLo4tMsqbiv5cHfLMV5N9WrHiqqRCvCQavgL33Y6D,4220,0x5CF5A099A9089b31689B16cd83d06b6ce154c41b,eoa,0x5CF5A099A9089b31689B16cd83d06b6ce154c41b
12D3KooWMwMyddiHGW4WnKvMsfYvWurnJwNsaqN48dgfHafSfvhX,4444,0x43d6A791c7db5C4dc2535a648FB25307FbD8478f,eoa,0x43d6A791c7db5C4dc2535a648FB25307FbD8478f
12D3KooWLzsXuEbAWzNX5ferzSCcokVSxjivQRYq1EkhxK2wXhKH,4180,0x5CF5A099A9089b31689B16cd83d06b6ce154c41b,eoa,0x5CF5A099A9089b31689B16cd83d06b6ce154c41b
12D3KooWHkFAihCCDzf3cV7bUJhu4zBSrCPsPw85jzeUakSL8NKZ,472,0xB35728D533Ea887862b9Ed00cfe2B7F3D36A4e71,vesting,0xA205c6e35e0814B0A602b016B539E819807f27F3
12D3KooWBBEqLvEZ4Haz5tL8iCpKXUdB5PygXJSkTjN2DJyUzDk2,4448,0x43d6A791c7db5C4dc2535a648FB25307FbD8478f,eoa,0x43d6A791c7db5C4dc2535a648FB25307FbD8478f
12D3KooWMBmSaLMXAD551vzrzSFhP7g4jqkoS5bQenR1fPHCuuJ3,937,0xC99B581a508e8ae499671B4fa1d43E96B127094f,vesting,0x51FF35792Ec01fEA7048A295Ea68A3156d92b629
12D3KooWGmAs3SQtADZ6WTg9CjYTxYnMfMYsKaDG3Bs35azM9ans,4245,0x5CF5A099A9089b31689B16cd83d06b6ce154c41b,eoa,0x5CF5A099A9089b31689B16cd83d06b6ce154c41b
12D3KooWJAvwcf8sJKMwWMNPWx3VjFHYA8hSUG7DmHh1xGNxuYgR,4471,0x43d6A791c7db5C4dc2535a648FB25307FbD8478f,eoa,0x43d6A791c7db5C4dc2535a648FB25307FbD8478f
12D3KooWKW6zd6Pkq5y6PEtpd2gZ4H3SfYZhKgM9LawCvxU1fN4Q,4456,0x43d6A791c7db5C4dc2535a648FB25307FbD8478f,eoa,0x43d6A791c7db5C4dc2535a648FB25307FbD8478f
12D3KooWC9nHWCMbSqHSarrgW4tBrCdhPrwLiCC7FsTkM3qzivm7,2219,0x920848e15407e7d1a88B5E16506a5724BFDe9164,vesting,0x2aA9ADb88efa160A1987DBbf42B916aB83983751
12D3KooWKZmySHasBGe1hUYbeKERc8wrUry5z4e9wmtj2ngktPSG,4390,0x5CF5A099A9089b31689B16cd83d06b6ce154c41b,eoa,0x5CF5A099A9089b31689B16cd83d06b6ce154c41b
12D3KooWETB6Lr7dyKsoDVYzdA5Qf7J1PTgDgswKgzRnt6WxucKc,801,0xB35728D533Ea887862b9Ed00cfe2B7F3D36A4e71,vesting,0xA205c6e35e0814B0A602b016B539E819807f27F3
12D3KooWPZGuSPY5e3mHWuenf6e1eMzKgcCSryLk8ujy7AbRwicC,3968,0xebc625Cee6367CF65b4ba8f8D99eA4BEAf01035f,vesting,0xdADB8013e3764DDd303D9B15A3a7b513e7089744
12D3KooWNncQV8Lx3zQiRaBHuezFnSgrDthUs8TKq2YjJMPB7zyH,459,0xB35728D533Ea887862b9Ed00cfe2B7F3D36A4e71,vesting,0xA205c6e35e0814B0A602b016B539E819807f27F3
12D3KooWCYEoCABtZNfR8tVPpqsmKDMFBgBrWyPsxYdS5xv9k7et,4255,0x5CF5A099A9089b31689B16cd83d06b6ce154c41b,eoa,0x5CF5A099A9089b31689B16cd83d06b6ce154c41b
12D3KooWMWipNm1FWrJbsivZgq3aUiVJ1CYi77pFkXZoWtaYMG84,4399,0x5CF5A099A9089b31689B16cd83d06b6ce154c41b,eoa,0x5CF5A099A9089b31689B16cd83d06b6ce154c41b
12D3KooWPaKD9fHehU82EFhVgHE81VQciRGogio4V23c3QwtZpn5,4212,0x5CF5A099A9089b31689B16cd83d06b6ce154c41b,eoa,0x5CF5A099A9089b31689B16cd83d06b6ce154c41b
12D3KooWKVp6JJrt8hhWFJijxVAP4HiUwR9Lqh2Wyax8shSaKNWR,2102,0x73471B6AB0b62d6918656B467317771C60094937,vesting,0x678d14c7e33f8D699aE3B9C0ca077245969D1942
12D3KooWEBs6pM2PcWT1j12Z5sTBAxBo6YSHTFq5bezUR5M5hv5P,4156,0x5CF5A099A9089b31689B16cd83d06b6ce154c41b,eoa,0x5CF5A099A9089b31689B16cd83d06b6ce154c41b
12D3KooWB7L2jpHeutekeNU1PqS9MShe4d2VjgwkQ8ZtFpZuBpF5,938,0xC99B581a508e8ae499671B4fa1d43E96B127094f,vesting,0x51FF35792Ec01fEA7048A295Ea68A3156d92b629
12D3KooWBUWZcAwQSmZgHixfymYz8R8DZ5ifDzYb393LrmNfXoD7,1741,0xec6E0dBf15C8a106471A9163A4848C4e8D06b63D,vesting,0x80c88d21975aB9829181536766d15005444B9aAd
12D3KooWBWYE3hupQKGHgbmdFhEGa7VbExtTHAkvCVD8Fz94zriv,1777,0xec6E0dBf15C8a106471A9163A4848C4e8D06b63D,vesting,0x80c88d21975aB9829181536766d15005444B9aAd
12D3KooWA5sqQF6WauTDJbY3j5vZR6PRcPLog7xP6t17zsyLAEh7,4437,0x43d6A791c7db5C4dc2535a648FB25307FbD8478f,eoa,0x43d6A791c7db5C4dc2535a648FB25307FbD8478f
12D3KooWAKABvJeoWJmxySACJ17baP3R2QAj9vH5fBkd9qoX9Mh1,4467,0x43d6A791c7db5C4dc2535a648FB25307FbD8478f,eoa,0x43d6A791c7db5C4dc2535a648FB25307FbD8478f
12D3KooWQLHykVsmo8FpVoFYtTmfVM8u15hEvcCoCfxz5VZNxhYr,4424,0x5CF5A099A9089b31689B16cd83d06b6ce154c41b,eoa,0x5CF5A099A9089b31689B16cd83d06b6ce154c41b
12D3KooWAevp91EboLHrqLFqGHqyiVJ9PGDfdeP4yWX9qsjAos8i,2204,0x920848e15407e7d1a88B5E16506a5724BFDe9164,vesting,0x2aA9ADb88efa160A1987DBbf42B916aB83983751
12D3KooWPgvCo1tg7JMr3SNsKd5BqR4TfG95gjT7NdhQXuReetLx,4188,0x5CF5A099A9089b31689B16cd83d06b6ce154c41b,eoa,0x5CF5A099A9089b31689B16cd83d06b6ce154c41b
12D3KooWBFrcoysaLnefeVqLD5rbLoMW6zjqKqEwobTvB3cEQzDq,4204,0x5CF5A099A9089b31689B16cd83d06b6ce154c41b,eoa,0x5CF5A099A9089b31689B16cd83d06b6ce154c41b
12D3KooWE7Z18kn7Sb7wVyrgYfbfqQ7HHEuCdRE46Xv3aPZqTYgV,4209,0x5CF5A099A9089b31689B16cd83d06b6ce154c41b,eoa,0x5CF5A099A9089b31689B16cd83d06b6ce154c41b
12D3KooWKEJj5Y1E8Q2Q9dxC4tsFgkKjgz44h7Hu47PEP9bzwpQq,907,0xC99B581a508e8ae499671B4fa1d43E96B127094f,vesting,0x51FF35792Ec01fEA7048A295Ea68A3156d92b629
12D3KooWLhazZs4F259LBShwu3JKyQwHPJjLEyrAVgLsPchoNtUc,380,0xB35728D533Ea887862b9Ed00cfe2B7F3D36A4e71,vesting,0xA205c6e35e0814B0A602b016B539E819807f27F3
12D3KooWEAPTivPTPmhDsKZny7t9Kft96rRU69tmGL4ChzX4JBbf,718,0xB35728D533Ea887862b9Ed00cfe2B7F3D36A4e71,vesting,0xA205c6e35e0814B0A602b016B539E819807f27F3
12D3KooWCgd71tZLcPxfZp2MkmFMNJLzDFyWwMjzgNZWPcrdMnPD,4217,0x5CF5A099A9089b31689B16cd83d06b6ce154c41b,eoa,0x5CF5A099A9089b31689B16cd83d06b6ce154c41b
12D3KooWEcH7eQWNW9kYdsK7YMsZpJiksbkqYNeuFuoDVD37FD25,4382,0x5CF5A099A9089b31689B16cd83d06b6ce154c41b,eoa,0x5CF5A099A9089b31689B16cd83d06b6ce154c41b
12D3KooWFSvU5MAWhcJbz8uUzp5rXxUmE4XSeWfGed8Kicmof13N,2181,0x73471B6AB0b62d6918656B467317771C60094937,vesting,0x678d14c7e33f8D699aE3B9C0ca077245969D1942
12D3KooWNwSXi9hQqefYrnVZYzdcMVKN1y7i1AouSiMQ91AdnRFJ,4207,0x5CF5A099A9089b31689B16cd83d06b6ce154c41b,eoa,0x5CF5A099A9089b31689B16cd83d06b6ce154c41b
12D3KooWFyxYP1senCBhUGTaFKY3hhpZ3JJVo7T8Z9GEE1SwTM3V,4298,0x5CF5A099A9089b31689B16cd83d06b6ce154c41b,eoa,0x5CF5A099A9089b31689B16cd83d06b6ce154c41b
12D3KooWHs3CF2UF6aWpgaDkJE67gKVzhSmcUPRBjy9BasYKkTnL,810,0xC99B581a508e8ae499671B4fa1d43E96B127094f,vesting,0x51FF35792Ec01fEA7048A295Ea68A3156d92b629
12D3KooWP7biko2WtVw8qBQ8B7fZSjWEPgYBaHucRD8ZVZCLgdfu,4435,0x43d6A791c7db5C4dc2535a648FB25307FbD8478f,eoa,0x43d6A791c7db5C4dc2535a648FB25307FbD8478f
12D3KooWLhqeiqnTMEBc6kXsRt12PSqzu5GvsnGP61xa1nUUWrC3,4200,0x5CF5A099A9089b31689B16cd83d06b6ce154c41b,eoa,0x5CF5A099A9089b31689B16cd83d06b6ce154c41b
12D3KooWEFNrAtVzGo5ApcPecL4DdpATBukhiNYb1XoovESCZdhX,464,0xB35728D533Ea887862b9Ed00cfe2B7F3D36A4e71,vesting,0xA205c6e35e0814B0A602b016B539E819807f27F3
12D3KooWNLtgFGjeBTtPSjdBAXxKYkhaCqmvZLgu5avEwUnJ2f1g,2279,0x920848e15407e7d1a88B5E16506a5724BFDe9164,vesting,0x2aA9ADb88efa160A1987DBbf42B916aB83983751
12D3KooWPPAkiVrF5J8g9EYbxiGA9Yp3odkMvwwWQLqXDg3qqbby,399,0xB35728D533Ea887862b9Ed00cfe2B7F3D36A4e71,vesting,0xA205c6e35e0814B0A602b016B539E819807f27F3
12D3KooWCNeHtdx13CuK4fxnr8iBbv7fMEH6tMvqQhvNLjnpnb3N,1721,0xec6E0dBf15C8a106471A9163A4848C4e8D06b63D,vesting,0x80c88d21975aB9829181536766d15005444B9aAd
12D3KooWPKURHho6rjarip895tSiDMKWeUnmZjpGwSGTCmYZyjTv,734,0xB35728D533Ea887862b9Ed00cfe2B7F3D36A4e71,vesting,0xA205c6e35e0814B0A602b016B539E819807f27F3
12D3KooWP6sSXzE4EDk4ZVmQGez7kYHy1n76C3NxGoxGiDYRuQbF,4211,0x5CF5A099A9089b31689B16cd83d06b6ce154c41b,eoa,0x5CF5A099A9089b31689B16cd83d06b6ce154c41b
12D3KooWKuruz3uDDvaCZSN6njaFDBTthm96fNLzR7gHKd1oN6VB,4400,0x5CF5A099A9089b31689B16cd83d06b6ce154c41b,eoa,0x5CF5A099A9089b31689B16cd83d06b6ce154c41b
12D3KooWK5K7SLyVKQfR41oaYNLxW6QnkzfNfrMuZR6F93QJUbDH,523,0xB35728D533Ea887862b9Ed00cfe2B7F3D36A4e71,vesting,0xA205c6e35e0814B0A602b016B539E819807f27F3
12D3KooWK5EE7PvSubnPQd9T66HLusJeFCm5Rw3cBfL82p115k4G,2238,0x920848e15407e7d1a88B5E16506a5724BFDe9164,vesting,0x2aA9ADb88efa160A1987DBbf42B916aB83983751
12D3KooWAg3TirANXUQovXaA27JRx8xb7JQnTj5i2k9adWhJCHYj,4249,0x5CF5A099A9089b31689B16cd83d06b6ce154c41b,eoa,0x5CF5A099A9089b31689B16cd83d06b6ce154c41b
12D3KooWEDygxbjvoyk1pM9CXQZtj63gDpnqnWHMtJWN5xKCzV1s,4312,0x5CF5A099A9089b31689B16cd83d06b6ce154c41b,eoa,0x5CF5A099A9089b31689B16cd83d06b6ce154c41b
12D3KooWEtGhpen3y3BjaYzVuHKBrFepHaq2RFpiwB6yi9S8MaBE,4485,0x43d6A791c7db5C4dc2535a648FB25307FbD8478f,eoa,0x43d6A791c7db5C4dc2535a648FB25307FbD8478f
12D3KooWHWoG2fhFbUpbsnFxhDTjMhqquCnSxMPV8bdYYDu1PNSP,3983,0xebc625Cee6367CF65b4ba8f8D99eA4BEAf01035f,vesting,0xdADB8013e3764DDd303D9B15A3a7b513e7089744
12D3KooWGHpAhiFsVeJ5tDHg3hRrk4oEg2BZiYAfbMxaBqANPQXU,2163,0x73471B6AB0b62d6918656B467317771C60094937,vesting,0x678d14c7e33f8D699aE3B9C0ca077245969D1942
12D3KooWC7WDeqfAwJeKsS5Aeim8rEwvt7ucj8xb67JJxiaMSTSo,4262,0x5CF5A099A9089b31689B16cd83d06b6ce154c41b,eoa,0x5CF5A099A9089b31689B16cd83d06b6ce154c41b
12D3KooWD782nVXHvTNUEDJ6qmPyXhAsP8ri4CubUA3G3zwBr8Pc,4266,0x5CF5A099A9089b31689B16cd83d06b6ce154c41b,eoa,0x5CF5A099A9089b31689B16cd83d06b6ce154c41b
12D3KooWEz7s9h9tMv4uPZ4tvtSc5qQene9sugppaNotusoXBJZ5,722,0xB35728D533Ea887862b9Ed00cfe2B7F3D36A4e71,vesting,0xA205c6e35e0814B0A602b016B539E819807f27F3
12D3KooWQhcoEUqHFHdZX14jwTDFvRo5Sqz1xiwkPrTtKgUJMGwT,2119,0x73471B6AB0b62d6918656B467317771C60094937,vesting,0x678d14c7e33f8D699aE3B9C0ca077245969D1942
12D3KooWE73Hubv1n8fYihSfCkUgMCwLa37k4MwAcUSAKaPJi79H,3953,0xebc625Cee6367CF65b4ba8f8D99eA4BEAf01035f,vesting,0xdADB8013e3764DDd303D9B15A3a7b513e7089744
12D3KooWQ3oePYd6bjvrw2Y3wbdudvp8r5FbcemTmNpb4bwCdDVq,4334,0x5CF5A099A9089b31689B16cd83d06b6ce154c41b,eoa,0x5CF5A099A9089b31689B16cd83d06b6ce154c41b
12D3KooWDaW4B1b6NmUUf6oUx1w7QhcwpxeTSGVQUFbm41yMjigt,4308,0x5CF5A099A9089b31689B16cd83d06b6ce154c41b,eoa,0x5CF5A099A9089b31689B16cd83d06b6ce154c41b
12D3KooWMqBYBVFqUwKNRoKNujaMbjG2xot2dZTy1SAd3Dh6KYYp,4239,0x5CF5A099A9089b31689B16cd83d06b6ce154c41b,eoa,0x5CF5A099A9089b31689B16cd83d06b6ce154c41b
12D3KooWLSWSE4SJPL5CD6hob4cE9wZYeVyq3BEXuT8vC5BsQ6kM,3949,0xdADB8013e3764DDd303D9B15A3a7b513e7089744,eoa,0xdADB8013e3764DDd303D9B15A3a7b513e7089744
12D3KooWQ5GjAnaCVPXEvMdsGxqd9vhsr8r6LJk4YMqmA5Fjf6mE,4430,0x5CF5A099A9089b31689B16cd83d06b6ce154c41b,eoa,0x5CF5A099A9089b31689B16cd83d06b6ce154c41b
12D3KooWLd5TDcdXVcq6J6TfzuYojr1zChVC615phL2uXzP7WYZi,4251,0x5CF5A099A9089b31689B16cd83d06b6ce154c41b,eoa,0x5CF5A099A9089b31689B16cd83d06b6ce154c41b
12D3KooWLRqABwtyfc4FnNG89E8UzRNQbe4P9reNFuBsw6fc4or3,4345,0x5CF5A099A9089b31689B16cd83d06b6ce154c41b,eoa,0x5CF5A099A9089b31689B16cd83d06b6ce154c41b
12D3KooWEot7uVE9doqFrtg4kZwmFmd1MLbegi2vVba6yCcHfMUG,4213,0x5CF5A099A9089b31689B16cd83d06b6ce154c41b,eoa,0x5CF5A099A9089b31689B16cd83d06b6ce154c41b
12D3KooWKektJWoNT5CcMpS3znQPkpkR8Xtriu3cPogZzxt4hDaE,1772,0xec6E0dBf15C8a106471A9163A4848C4e8D06b63D,vesting,0x80c88d21975aB9829181536766d15005444B9aAd
12D3KooWFsCXierEfmzz8r55XoLmKPQoDNyd6Y1FGURupHezNCYv,4268,0x5CF5A099A9089b31689B16cd83d06b6ce154c41b,eoa,0x5CF5A099A9089b31689B16cd83d06b6ce154c41b
12D3KooWRXPvKykDfEr4WEMBkum5sgWMzdh3baU7nFy955B2WvdH,4484,0x43d6A791c7db5C4dc2535a648FB25307FbD8478f,eoa,0x43d6A791c7db5C4dc2535a648FB25307FbD8478f
12D3KooWMfFDqYPY2GzeH7VYdxoL6JVBFnKqV8T6jJgH7miPpc2i,4150,0x5CF5A099A9089b31689B16cd83d06b6ce154c41b,eoa,0x5CF5A099A9089b31689B16cd83d06b6ce154c41b
12D3KooWET19i8oWq3DFehbRH63yik3Tjt5nBn7zdRehZReSZNCP,4276,0x5CF5A099A9089b31689B16cd83d06b6ce154c41b,eoa,0x5CF5A099A9089b31689B16cd83d06b6ce154c41b
12D3KooWNyYqfZ1YjUUB6XTasVZH4JewpbuQiYaMi376JFiKxp8D,4205,0x5CF5A099A9089b31689B16cd83d06b6ce154c41b,eoa,0x5CF5A099A9089b31689B16cd83d06b6ce154c41b
12D3KooWDdBtMfb68pjBq71EbuZ1qbH4LDzrLJTpXKa6e1HdJH1V,3987,0xebc625Cee6367CF65b4ba8f8D99eA4BEAf01035f,vesting,0xdADB8013e3764DDd303D9B15A3a7b513e7089744
12D3KooWEbdJHUbGnVm2omFQd8Wu1yiueWYhYT8mZ3QKZPg1QbD3,4438,0x43d6A791c7db5C4dc2535a648FB25307FbD8478f,eoa,0x43d6A791c7db5C4dc2535a648FB25307FbD8478f
12D3KooWLdhjXNosB3NPh4NGRLiqyFqVry5vuGn4hVDQXBWY5JMs,465,0xB35728D533Ea887862b9Ed00cfe2B7F3D36A4e71,vesting,0xA205c6e35e0814B0A602b016B539E819807f27F3
12D3KooWGjzNpygHCXEqph7k2XUvTD9xWD2zbsXu1efDqs5QgMwU,4343,0x5CF5A099A9089b31689B16cd83d06b6ce154c41b,eoa,0x5CF5A099A9089b31689B16cd83d06b6ce154c41b
12D3KooWCQqVM7XAdbYQBDJNwPjpapQQ4Cq4XhN9ddCniBTqBWGi,2252,0x920848e15407e7d1a88B5E16506a5724BFDe9164,vesting,0x2aA9ADb88efa160A1987DBbf42B916aB83983751
12D3KooWBchYfQGwW23ZeMEZ3xHEnr7GynaqMRxWe2d3bfbrP3Cj,1770,0xec6E0dBf15C8a106471A9163A4848C4e8D06b63D,vesting,0x80c88d21975aB9829181536766d15005444B9aAd
12D3KooWAhhTb1wY6T2kAyuyucFTwAavzj45BAPfgLS4pFeG7m7x,2255,0x920848e15407e7d1a88B5E16506a5724BFDe9164,vesting,0x2aA9ADb88efa160A1987DBbf42B916aB83983751
12D3KooWCDCrwwkju6gjSSFdmHhSCEpnf4rt124gVtdd9Qh8x1Js,2131,0x73471B6AB0b62d6918656B467317771C60094937,vesting,0x678d14c7e33f8D699aE3B9C0ca077245969D1942
12D3KooWEbPWpJE4WEZKfHR2DUjviPoJc5gustaDihNh4v3qa2Nz,1751,0xec6E0dBf15C8a106471A9163A4848C4e8D06b63D,vesting,0x80c88d21975aB9829181536766d15005444B9aAd
12D3KooWPEbHstBvdfDAdWG3iZBmsE8HFynPFsKL3Fs9xkCAxLSK,4246,0x5CF5A099A9089b31689B16cd83d06b6ce154c41b,eoa,0x5CF5A099A9089b31689B16cd83d06b6ce154c41b
12D3KooWCJuiCqB3P4dkCgo8h1aXVY8AD1QNz4BsD4Jhj2YdsiNq,4297,0x5CF5A099A9089b31689B16cd83d06b6ce154c41b,eoa,0x5CF5A099A9089b31689B16cd83d06b6ce154c41b
12D3KooWHnbHVy5pGBWzZK6ym2aRGEEgNLPdrGTasUpVZRGbxWA2,4182,0x5CF5A099A9089b31689B16cd83d06b6ce154c41b,eoa,0x5CF5A099A9089b31689B16cd83d06b6ce154c41b
12D3KooWE9RNssARvt6Mv9NX5RSPNMNHzPtZdMNASEsawd8m2QqW,727,0xB35728D533Ea887862b9Ed00cfe2B7F3D36A4e71,vesting,0xA205c6e35e0814B0A602b016B539E819807f27F3
12D3KooWMFzyPX55Ert6rvowxHisxcyNoH3xSmexShEgK7Pzw415,4231,0x5CF5A099A9089b31689B16cd83d06b6ce154c41b,eoa,0x5CF5A099A9089b31689B16cd83d06b6ce154c41b
12D3KooWGgPuf6V82KxonUDLWcXgFE5wc3f6o1Kgc3dcKssNkXZ2,4244,0x5CF5A099A9089b31689B16cd83d06b6ce154c41b,eoa,0x5CF5A099A9089b31689B16cd83d06b6ce154c41b
12D3KooWRJfpMfVK57s4YV5Y18RaxcSY4L3nz6vE9uh8MXmSRAQw,4151,0x5CF5A099A9089b31689B16cd83d06b6ce154c41b,eoa,0x5CF5A099A9089b31689B16cd83d06b6ce154c41b
12D3KooWRv8AcSKU53L3gGze7TKN8rRf1Kq4rndR9vobDAK7XqPL,4309,0x5CF5A099A9089b31689B16cd83d06b6ce154c41b,eoa,0x5CF5A099A9089b31689B16cd83d06b6ce154c41b
12D3KooWJ2jvSntV7QsSpVXdYdwr1sgaqq6gDb3hzwLnfr2JM4Yp,4411,0x5CF5A099A9089b31689B16cd83d06b6ce154c41b,eoa,0x5CF5A099A9089b31689B16cd83d06b6ce154c41b
12D3KooWK49hdmFcqeqdeCpPpNwhiTiKk3Qo9bzGyDndW9bZYcTD,4254,0x5CF5A099A9089b31689B16cd83d06b6ce154c41b,eoa,0x5CF5A099A9089b31689B16cd83d06b6ce154c41b
12D3KooWHpVWihNHXTKKuTiaNFqpBdSW9KvqfwkUqAuH5p2ymRdo,4445,0x43d6A791c7db5C4dc2535a648FB25307FbD8478f,eoa,0x43d6A791c7db5C4dc2535a648FB25307FbD8478f
12D3KooWPAY6PRbKhRELchjq1fFnojVSUmaZvLrZstBHpvd4cbZX,4267,0x5CF5A099A9089b31689B16cd83d06b6ce154c41b,eoa,0x5CF5A099A9089b31689B16cd83d06b6ce154c41b
12D3KooWCtL4xUPRLiPWmDtWWUhy8ETysPKBqtQ1iiVcxE89rZhD,4223,0x5CF5A099A9089b31689B16cd83d06b6ce154c41b,eoa,0x5CF5A099A9089b31689B16cd83d06b6ce154c41b
12D3KooWFmVAzwG19dh7B9sh7UGJJvAgfjt2qx9Zm4syYWzfZ3tM,2280,0x920848e15407e7d1a88B5E16506a5724BFDe9164,vesting,0x2aA9ADb88efa160A1987DBbf42B916aB83983751
12D3KooWDDpCx7PZXjCnwnifqsrtgMRypBMt4pBwzt37zJYCarUV,3415,0xec6E0dBf15C8a106471A9163A4848C4e8D06b63D,vesting,0x80c88d21975aB9829181536766d15005444B9aAd
12D3KooWGdphuqvtqCb6Ff8EbVKdZUSwaLSM6jp8ddsVBeUso5Fq,4427,0x5CF5A099A9089b31689B16cd83d06b6ce154c41b,eoa,0x5CF5A099A9089b31689B16cd83d06b6ce154c41b
12D3KooWSVmEqb1eQ2nNztW4MQ1jwLGbRNFS7VASUnPN1SG6QyAW,4377,0xf0C4B0eCD1C37760fDF6cfF39847dcBd421c5792,vesting,0x5CF5A099A9089b31689B16cd83d06b6ce154c41b
12D3KooWP8YRgqgy7QNMdnNqd8GCTm3czdoKxazQxXLM3DbYswLE,1740,0xec6E0dBf15C8a106471A9163A4848C4e8D06b63D,vesting,0x80c88d21975aB9829181536766d15005444B9aAd
12D3KooWAqkAypmRdShRGhM6SbANFh8mDrsiycMZDzkmkJfh8v34,2197,0x920848e15407e7d1a88B5E16506a5724BFDe9164,vesting,0x2aA9ADb88efa160A1987DBbf42B916aB83983751
12D3KooWM8teK64w623YfuyAVHGvFsiC7iTEp5w6XJ1HEvmDtUQ2,3414,0xec6E0dBf15C8a106471A9163A4848C4e8D06b63D,vesting,0x80c88d21975aB9829181536766d15005444B9aAd
12D3KooWGASGn3LT5hjtz5eSFPjuAxxPYxnBacRCxkXyKk4JkxKU,2167,0x73471B6AB0b62d6918656B467317771C60094937,vesting,0x678d14c7e33f8D699aE3B9C0ca077245969D1942
12D3KooWEZQ4dxFLoRduCku9ryuWnzUmK2jswy5nVVXD3RjnH4dz,4261,0x5CF5A099A9089b31689B16cd83d06b6ce154c41b,eoa,0x5CF5A099A9089b31689B16cd83d06b6ce154c41b
12D3KooWAbyiJhX1aCrKJGswzwRx2dvgh1oR3Q4ByKDj4bjiHcvi,4413,0x5CF5A099A9089b31689B16cd83d06b6ce154c41b,eoa,0x5CF5A099A9089b31689B16cd83d06b6ce154c41b
12D3KooWLvQmz5Rk2qMuuawznTSctvVfzi25qwffjyTQrDD619XB,4295,0x5CF5A099A9089b31689B16cd83d06b6ce154c41b,eoa,0x5CF5A099A9089b31689B16cd83d06b6ce154c41b
12D3KooWNiiCirb4rRyBKHDyfez3iACfCKMK18QLisvU28tyZr7H,4353,0x5CF5A099A9089b31689B16cd83d06b6ce154c41b,eoa,0x5CF5A099A9089b31689B16cd83d06b6ce154c41b
12D3KooWNqaaYccrEKCZEVTBFWKAxhAN4L8JbLF6wEdA5SS2yKef,3963,0xebc625Cee6367CF65b4ba8f8D99eA4BEAf01035f,vesting,0xdADB8013e3764DDd303D9B15A3a7b513e7089744
12D3KooWKgPXh5Lg9CwxH7nYH9vMbup7Aiwsg2zNDUKAEnfP3pRc,461,0xB35728D533Ea887862b9Ed00cfe2B7F3D36A4e71,vesting,0xA205c6e35e0814B0A602b016B539E819807f27F3
12D3KooWH3QLTKD1YGgvAMHKQ9FUJAHnnNPHZyu5xAYNPVtiiaE3,4294,0x5CF5A099A9089b31689B16cd83d06b6ce154c41b,eoa,0x5CF5A099A9089b31689B16cd83d06b6ce154c41b
12D3KooWBRZshk7FqshqzAAQk67jp9aeB5YQBtibEiYTmAVwfxvE,1780,0xec6E0dBf15C8a106471A9163A4848C4e8D06b63D,vesting,0x80c88d21975aB9829181536766d15005444B9aAd
12D3KooWF7BrgBtPVZQY1voxdgY91AUDyfKCBH5uqTXTY5t5DUbK,4197,0x5CF5A099A9089b31689B16cd83d06b6ce154c41b,eoa,0x5CF5A099A9089b31689B16cd83d06b6ce154c41b
12D3KooWFXcbq2b1gbfKQghEuFZ9kgQ4fRQtRpRDQUwdBcEMWKgQ,4166,0x5CF5A099A9089b31689B16cd83d06b6ce154c41b,eoa,0x5CF5A099A9089b31689B16cd83d06b6ce154c41b
12D3KooWRhajzEgzQ78HsZtsXzT4Je8hJii1Ztorh1oe1RkAPqRq,2139,0x73471B6AB0b62d6918656B467317771C60094937,vesting,0x678d14c7e33f8D699aE3B9C0ca077245969D1942
12D3KooWRq1Y5HGHvEgP6awMeYq2NsKGk6NsLApo67ryTNVoH3uQ,4440,0x43d6A791c7db5C4dc2535a648FB25307FbD8478f,eoa,0x43d6A791c7db5C4dc2535a648FB25307FbD8478f
12D3KooWBbghskNj7KuTEWKpgQTmBZh3nGhNKSMos2doeuW5EBL3,2140,0x73471B6AB0b62d6918656B467317771C60094937,vesting,0x678d14c7e33f8D699aE3B9C0ca077245969D1942
12D3KooWMb9e81aFKj7MPBEveM7iJDexdnSpBcLK4e8MpFB7FWht,731,0xB35728D533Ea887862b9Ed00cfe2B7F3D36A4e71,vesting,0xA205c6e35e0814B0A602b016B539E819807f27F3
12D3KooWCR6jKiuyoMYbRMKuWrxZgV33CNy6NYtDMqNycJw1Ju2i,4461,0x43d6A791c7db5C4dc2535a648FB25307FbD8478f,eoa,0x43d6A791c7db5C4dc2535a648FB25307FbD8478f
12D3KooWPT4d8pLWSzVrRdkbRnDk7DRsxypKEJM5D6Woh3Gp1GDT,4339,0x5CF5A099A9089b31689B16cd83d06b6ce154c41b,eoa,0x5CF5A099A9089b31689B16cd83d06b6ce154c41b
12D3KooWKmtsA3PcUx82c5vCQ1N3px84vy8xGvSkd69zGZqYAE4F,4236,0x5CF5A099A9089b31689B16cd83d06b6ce154c41b,eoa,0x5CF5A099A9089b31689B16cd83d06b6ce154c41b
12D3KooWSxFwfKbzA7YH5KCtetg4Xo5yxg6aW8ukfHzc4xzSVsi4,4455,0x43d6A791c7db5C4dc2535a648FB25307FbD8478f,eoa,0x43d6A791c7db5C4dc2535a648FB25307FbD8478f
12D3KooWAvtQiHyfE4ptU1vwXXMN6HwTFk9TtGYxiMDRbv9Vd4xd,2158,0x73471B6AB0b62d6918656B467317771C60094937,vesting,0x678d14c7e33f8D699aE3B9C0ca077245969D1942
12D3KooWARswbNW6ucJib7BYsfZWmnG35Uzh3zSnvb34CzxxLkAa,4350,0x5CF5A099A9089b31689B16cd83d06b6ce154c41b,eoa,0x5CF5A099A9089b31689B16cd83d06b6ce154c41b
12D3KooWLzr1FzoMwfYb1ycUuGL7c1GvqFLAWXr3GL2JYErJb1wm,4224,0x5CF5A099A9089b31689B16cd83d06b6ce154c41b,eoa,0x5CF5A099A9089b31689B16cd83d06b6ce154c41b
12D3KooWMw2G5rC99ZgFzVK8znBrFPW178yzeXwTUmKugWuMw8Ly,1755,0xec6E0dBf15C8a106471A9163A4848C4e8D06b63D,vesting,0x80c88d21975aB9829181536766d15005444B9aAd
12D3KooWSXj18peXTuQoM57P45zaSCQYLcr4FbQeDJ1YsazXSK6y,4222,0x5CF5A099A9089b31689B16cd83d06b6ce154c41b,eoa,0x5CF5A099A9089b31689B16cd83d06b6ce154c41b
12D3KooWGG9uNdp2nXtoEuPBByr4vsTNHkGx51anrzC5ugCywQgu,326,0xB35728D533Ea887862b9Ed00cfe2B7F3D36A4e71,vesting,0xA205c6e35e0814B0A602b016B539E819807f27F3
12D3KooWFb62DtyeZYaXsgKuNCHqLntBMpg3dkpbzEAwd81Ji3EF,4335,0x5CF5A099A9089b31689B16cd83d06b6ce154c41b,eoa,0x5CF5A099A9089b31689B16cd83d06b6ce154c41b
12D3KooWA1ACVndHCSZn4yy38U4zvyFYqEjnW96uRqDcX7m6kDQK,2089,0x73471B6AB0b62d6918656B467317771C60094937,vesting,0x678d14c7e33f8D699aE3B9C0ca077245969D1942
12D3KooWD1s8w2udphY88XRrb6q9ojGGqbtH1goTpxkuwXdiqHqJ,4368,0x5CF5A099A9089b31689B16cd83d06b6ce154c41b,eoa,0x5CF5A099A9089b31689B16cd83d06b6ce154c41b
12D3KooWCjrCoSye8yp6SdMhgvWhAbi4eZWQE7oNMZ7qao8yH9vy,4370,0xf0C4B0eCD1C37760fDF6cfF39847dcBd421c5792,vesting,0x5CF5A099A9089b31689B16cd83d06b6ce154c41b
12D3KooWRmYq2XhfzjpLiZ4riRo18aHBd1qp54RwFn667jeUkC2B,4240,0x5CF5A099A9089b31689B16cd83d06b6ce154c41b,eoa,0x5CF5A099A9089b31689B16cd83d06b6ce154c41b
12D3KooWNVFCQeFLFRDBT2qe6nBRe15AAcE3NuKfSD37jt9jVg6k,2153,0x73471B6AB0b62d6918656B467317771C60094937,vesting,0x678d14c7e33f8D699aE3B9C0ca077245969D1942
12D3KooWFcih9Xoyc9zfZdJJ7rG9tPcSMp7b7sCH1PYQCho8Fz5J,4158,0x5CF5A099A9089b31689B16cd83d06b6ce154c41b,eoa,0x5CF5A099A9089b31689B16cd83d06b6ce154c41b
12D3KooWQirU2NhERTurStfhcZ5zK7iccfsZfNTNw5xxt7cuTTJU,4232,0x5CF5A099A9089b31689B16cd83d06b6ce154c41b,eoa,0x5CF5A099A9089b31689B16cd83d06b6ce154c41b
12D3KooWJnvC3mVg61RyDQCWMgLguHde2PsqAMMzAxaFFVZRsz9Y,2267,0x920848e15407e7d1a88B5E16506a5724BFDe9164,vesting,0x2aA9ADb88efa160A1987DBbf42B916aB83983751
12D3KooWP46d1isXUAWc2uTtXXr2SjXJ88b25hB1DrbdzYBtHfBC,4388,0x5CF5A099A9089b31689B16cd83d06b6ce154c41b,eoa,0x5CF5A099A9089b31689B16cd83d06b6ce154c41b
12D3KooWKgcD7XVPFE7qhmppb6jsG7gQpTM4v2fHScMdKcBgkjco,4482,0x43d6A791c7db5C4dc2535a648FB25307FbD8478f,eoa,0x43d6A791c7db5C4dc2535a648FB25307FbD8478f
12D3KooWJk113bV9cFPsg5CnXyByPNNVNCnhpcoSc4Hmxc1P7ypr,4458,0x43d6A791c7db5C4dc2535a648FB25307FbD8478f,eoa,0x43d6A791c7db5C4dc2535a648FB25307FbD8478f
12D3KooWQPzxxDcT3nJihDtWGnD7ah7tcyyWZUC7AvSwzrTcF3EW,1793,0xec6E0dBf15C8a106471A9163A4848C4e8D06b63D,vesting,0x80c88d21975aB9829181536766d15005444B9aAd
12D3KooWSnBbQFZDxHjZsXJzGrieahQDuwHX8EqX45eh6JyX8ocg,4336,0x5CF5A099A9089b31689B16cd83d06b6ce154c41b,eoa,0x5CF5A099A9089b31689B16cd83d06b6ce154c41b
12D3KooWScfaNvAKy8HfsD6MDdrdTpSP3zvwhYM3Cv3oXRT384hH,900,0xC99B581a508e8ae499671B4fa1d43E96B127094f,vesting,0x51FF35792Ec01fEA7048A295Ea68A3156d92b629
12D3KooWPdx8hY3KU9snmxSdtxHF2LfyBxYC53adHaxaoeoS6pRh,4196,0x5CF5A099A9089b31689B16cd83d06b6ce154c41b,eoa,0x5CF5A099A9089b31689B16cd83d06b6ce154c41b
12D3KooWCiwmVSjC585qy1MWn4rxr4LpnTswmkEYGFFTSpmjCNHn,4489,0x43d6A791c7db5C4dc2535a648FB25307FbD8478f,eoa,0x43d6A791c7db5C4dc2535a648FB25307FbD8478f
12D3KooWGRetNe75QUXaTYk3a23sxcKoZXiqkcu1od72zJMf1Ldf,1789,0xec6E0dBf15C8a106471A9163A4848C4e8D06b63D,vesting,0x80c88d21975aB9829181536766d15005444B9aAd
12D3KooWPPuiaAEoezuUP6SnFtsMo5aVPnHXUDqm6ixu2DRGL3yA,2223,0x920848e15407e7d1a88B5E16506a5724BFDe9164,vesting,0x2aA9ADb88efa160A1987DBbf42B916aB83983751
12D3KooWCPs9HBacKYQ6cYjkpPMMSQaMpizdiTiLNiChyGP7tZ3C,1739,0xec6E0dBf15C8a106471A9163A4848C4e8D06b63D,vesting,0x80c88d21975aB9829181536766d15005444B9aAd
12D3KooWQeXiAS5BVtzmSoYiJDcVNM51eawY7GZki4uPJ9M996Nt,2112,0x73471B6AB0b62d6918656B467317771C60094937,vesting,0x678d14c7e33f8D699aE3B9C0ca077245969D1942
12D3KooWDtbBgpAzCKZ3uTuYxuRXNhs7SrhMyyDngF3WUuZWBGsK,4402,0x5CF5A099A9089b31689B16cd83d06b6ce154c41b,eoa,0x5CF5A099A9089b31689B16cd83d06b6ce154c41b
12D3KooWKMmXKNS1bGBTwXtsSTsBiZM2uBzY4BWUNzMaZoobAecj,4219,0x5CF5A099A9089b31689B16cd83d06b6ce154c41b,eoa,0x5CF5A099A9089b31689B16cd83d06b6ce154c41b
12D3KooWGB7ezJ6ygE1cLJ1JHgK9M9KqsZdfAsRpXBY5tCYpCZH6,2123,0x73471B6AB0b62d6918656B467317771C60094937,vesting,0x678d14c7e33f8D699aE3B9C0ca077245969D1942
12D3KooWPoCseBKaAKe7p4qTMR29oAUavLvL9mDwxA3govqCfsLM,1157,0xB35728D533Ea887862b9Ed00cfe2B7F3D36A4e71,vesting,0xA205c6e35e0814B0A602b016B539E819807f27F3
12D3KooWSaLkkZBKgnGpyyMa3HoFpD1ad2e9kktz75dn3o2GFD3k,2116,0x73471B6AB0b62d6918656B467317771C60094937,vesting,0x678d14c7e33f8D699aE3B9C0ca077245969D1942
12D3KooWE4LMD5tG4rjgXquqVFAqJWLbPD3nzPxScaVJvbDP8Tz9,4401,0x5CF5A099A9089b31689B16cd83d06b6ce154c41b,eoa,0x5CF5A099A9089b31689B16cd83d06b6ce154c41b
12D3KooWEn8g4NkuNQQaEQ88EuTRNoP6hhuFacZ5AKJvBiojk2QR,1731,0xec6E0dBf15C8a106471A9163A4848C4e8D06b63D,vesting,0x80c88d21975aB9829181536766d15005444B9aAd
12D3KooWQME1HU1pstXNBt5AAK9FW5k7YTPBsxkzQGfWCUXtgvhW,4389,0x5CF5A099A9089b31689B16cd83d06b6ce154c41b,eoa,0x5CF5A099A9089b31689B16cd83d06b6ce154c41b
12D3KooWKENqSTU9FXbMd6XkLnE7Su3jyWRTw4xago4qKYbof643,4442,0x43d6A791c7db5C4dc2535a648FB25307FbD8478f,eoa,0x43d6A791c7db5C4dc2535a648FB25307FbD8478f
12D3KooWSm622oWbTKWbcTPndYhkdoWTC5BatZF8ooBXge2cUro7,2099,0x73471B6AB0b62d6918656B467317771C60094937,vesting,0x678d14c7e33f8D699aE3B9C0ca077245969D1942
12D3KooWMnJGmCTq1j9acbMXH3Js9Gc8awGirRUzANRVhP12owFu,2213,0x920848e15407e7d1a88B5E16506a5724BFDe9164,vesting,0x2aA9ADb88efa160A1987DBbf42B916aB83983751
12D3KooWNe9zj1wumYbKmmaNhAHo27jocTrDcqAFfGbLBX12WbZj,463,0xB35728D533Ea887862b9Ed00cfe2B7F3D36A4e71,vesting,0xA205c6e35e0814B0A602b016B539E819807f27F3
12D3KooWS9RZFYr27skzMRKHgesChJSJYbqr98ekkXdAwqvfBVtM,934,0xC99B581a508e8ae499671B4fa1d43E96B127094f,vesting,0x51FF35792Ec01fEA7048A295Ea68A3156d92b629
12D3KooWA6NXjrB26ujKSUi3HV4GMNKgZzrxkcAodbVQ7uXEjFT4,4420,0x5CF5A099A9089b31689B16cd83d06b6ce154c41b,eoa,0x5CF5A099A9089b31689B16cd83d06b6ce154c41b
12D3KooW9zffU7qqRDxZPPtDoXifeu3XMX7xf6382P9Lbs19yj3m,4193,0x5CF5A099A9089b31689B16cd83d06b6ce154c41b,eoa,0x5CF5A099A9089b31689B16cd83d06b6ce154c41b
12D3KooWGHu32SASLzBTtcg4yCWRLpzz6pNnkxSmjE9SihyroV5B,916,0xC99B581a508e8ae499671B4fa1d43E96B127094f,vesting,0x51FF35792Ec01fEA7048A295Ea68A3156d92b629
12D3KooWSFuVYXYBJmNPaiUpb9orpNakKkCeoY1CkBkZf1NVTPmd,812,0xC99B581a508e8ae499671B4fa1d43E96B127094f,vesting,0x51FF35792Ec01fEA7048A295Ea68A3156d92b629
12D3KooWRyuLAYz4SzUx3zoPH6fMX1JmoGBTGNsdBZF9ZizJCXBS,521,0xB35728D533Ea887862b9Ed00cfe2B7F3D36A4e71,vesting,0xA205c6e35e0814B0A602b016B539E819807f27F3
12D3KooWQLCaWiwbWCN7aCafeqn1eaDkfZoxY7pTB2uq3t9YP7PC,4428,0x5CF5A099A9089b31689B16cd83d06b6ce154c41b,eoa,0x5CF5A099A9089b31689B16cd83d06b6ce154c41b
12D3KooWSnStHqv9GLsetKHhSD9DFULbRGqhiM1rfc68ykqsNPJV,470,0xB35728D533Ea887862b9Ed00cfe2B7F3D36A4e71,vesting,0xA205c6e35e0814B0A602b016B539E819807f27F3
12D3KooWB5TVP4oVDTdqSXmBSVFg5VGhF8SkTQamguNZQFwE9z8A,1037,0xC99B581a508e8ae499671B4fa1d43E96B127094f,vesting,0x51FF35792Ec01fEA7048A295Ea68A3156d92b629
12D3KooWCNauZShRHD7fYs6BSWYQuuGXwsfneevoAsu7g5Pn2YdA,1801,0xec6E0dBf15C8a106471A9163A4848C4e8D06b63D,vesting,0x80c88d21975aB9829181536766d15005444B9aAd
12D3KooWBU5q3egWKxkphZjwUh4gdTCXEe4XWqANDVEeLkTDJJ63,688,0xB35728D533Ea887862b9Ed00cfe2B7F3D36A4e71,vesting,0xA205c6e35e0814B0A602b016B539E819807f27F3
12D3KooWB8u8TfeTGur8zjNDBzTeTZeUkCinccyEp2E44SjKvrZi,2151,0x73471B6AB0b62d6918656B467317771C60094937,vesting,0x678d14c7e33f8D699aE3B9C0ca077245969D1942
12D3KooWHcwdz5qYzk1Z7BdSnA1fWJXoBMjJyEXFbjtmX2EX8j2o,2165,0x73471B6AB0b62d6918656B467317771C60094937,vesting,0x678d14c7e33f8D699aE3B9C0ca077245969D1942
12D3KooWNRX335JFbBTR4PaFzefKsjKV69jujBm2P8YYFLmm4czL,4374,0xf0C4B0eCD1C37760fDF6cfF39847dcBd421c5792,vesting,0x5CF5A099A9089b31689B16cd83d06b6ce154c41b
12D3KooWR9iWLLGZ2vsGcRqw6NJywzt37t2SDXgfuDsVjqJZrGmF,2114,0x73471B6AB0b62d6918656B467317771C60094937,vesting,0x678d14c7e33f8D699aE3B9C0ca077245969D1942
12D3KooWQZn4W51w6v7NKC2smVYFToUMGWyzrEczkCR89VkZbaM6,4241,0x5CF5A099A9089b31689B16cd83d06b6ce154c41b,eoa,0x5CF5A099A9089b31689B16cd83d06b6ce154c41b
12D3KooWQUBRNvhyRzVbFpSwRdf2cprZ7KY8RGF9b5zuswTNXxBG,4419,0x5CF5A099A9089b31689B16cd83d06b6ce154c41b,eoa,0x5CF5A099A9089b31689B16cd83d06b6ce154c41b
12D3KooWD8ZZ6w9S1DXNWpQNBWy6JscTB5iKXKKhQpQLYih1rcQ5,3404,0xec6E0dBf15C8a106471A9163A4848C4e8D06b63D,vesting,0x80c88d21975aB9829181536766d15005444B9aAd
12D3KooWJ2UVgH679LiZsiHkio5TBaR6BfByuGQwwRPqa7J3mz2F,3985,0xebc625Cee6367CF65b4ba8f8D99eA4BEAf01035f,vesting,0xdADB8013e3764DDd303D9B15A3a7b513e7089744
12D3KooWN8wNjRN6K73LgpQu4orh1HEobLu54AyG5oe5RQfZeJfV,2172,0x73471B6AB0b62d6918656B467317771C60094937,vesting,0x678d14c7e33f8D699aE3B9C0ca077245969D1942
12D3KooW9vy5FLd8uY6VcDRwGuNXbCtAoQXonexmed5wMtZPSyWc,704,0xB35728D533Ea887862b9Ed00cfe2B7F3D36A4e71,vesting,0xA205c6e35e0814B0A602b016B539E819807f27F3
12D3KooWJcqjVdJXKhnifqurraiXa3v22YrebmHMmZocT6v3YhKM,4274,0x5CF5A099A9089b31689B16cd83d06b6ce154c41b,eoa,0x5CF5A099A9089b31689B16cd83d06b6ce154c41b
12D3KooWJANQZ6t9ZxAXSXLKSTLzJMXTsJCrYuLCLbpfD2gpwEDx,802,0xB35728D533Ea887862b9Ed00cfe2B7F3D36A4e71,vesting,0xA205c6e35e0814B0A602b016B539E819807f27F3
12D3KooWHE4n7NtTBafosV4yAH9aGcGuxuMfMGGZ6UrNu4FVVoAu,4381,0x5CF5A099A9089b31689B16cd83d06b6ce154c41b,eoa,0x5CF5A099A9089b31689B16cd83d06b6ce154c41b
12D3KooWJ11Fk6A7vXZkB6nyoNZTqUvpSMzQhgxHJUFp9SrRDAoe,2273,0x920848e15407e7d1a88B5E16506a5724BFDe9164,vesting,0x2aA9ADb88efa160A1987DBbf42B916aB83983751
12D3KooWMvfBLZd71Bzk7Xnz3JpGyLSBvfPBzWar1tvRRWMgYf6h,325,0xB35728D533Ea887862b9Ed00cfe2B7F3D36A4e71,vesting,0xA205c6e35e0814B0A602b016B539E819807f27F3
12D3KooWCZQnwFgbssrNRa2d5EfpYg28bno7ToPgriKFRNUYTX11,295,0xB35728D533Ea887862b9Ed00cfe2B7F3D36A4e71,vesting,0xA205c6e35e0814B0A602b016B539E819807f27F3
12D3KooWE6Xr3sBC1nCFZxy9ZSYgq1848rkoZinuz4aNu7RhGopr,1800,0xec6E0dBf15C8a106471A9163A4848C4e8D06b63D,vesting,0x80c88d21975aB9829181536766d15005444B9aAd
12D3KooWR4tTVHJjWWEv7PJQB71pa4A8ixHNvDgFMcXAbustEo9c,4280,0x5CF5A099A9089b31689B16cd83d06b6ce154c41b,eoa,0x5CF5A099A9089b31689B16cd83d06b6ce154c41b
12D3KooWCMGUV6gU5kCtWRLF911qtozoZxkDLMFfzjbi9kC35iYb,4327,0x5CF5A099A9089b31689B16cd83d06b6ce154c41b,eoa,0x5CF5A099A9089b31689B16cd83d06b6ce154c41b
12D3KooWSm3kgGbYRJXz8GEwnoBS7ZMmhNKd6jdDBmuZCaTcjvqp,4163,0x5CF5A099A9089b31689B16cd83d06b6ce154c41b,eoa,0x5CF5A099A9089b31689B16cd83d06b6ce154c41b
12D3KooWKcqqCwF7q76vPkka6CiGMKFR2eKykg1K7B75vVEHq2in,2193,0x920848e15407e7d1a88B5E16506a5724BFDe9164,vesting,0x2aA9ADb88efa160A1987DBbf42B916aB83983751
12D3KooWKKwoJbq4Qw4tJt64MkUAJvMiydiDvBcWKXQT8r6TXgui,2203,0x920848e15407e7d1a88B5E16506a5724BFDe9164,vesting,0x2aA9ADb88efa160A1987DBbf42B916aB83983751
12D3KooWT1uYcFPToJkGKvFJJmgJwmyyVnKApWVvRESF8tLZMSsv,4453,0x43d6A791c7db5C4dc2535a648FB25307FbD8478f,eoa,0x43d6A791c7db5C4dc2535a648FB25307FbD8478f
12D3KooWERX2qhRbagQk5mjxsifQ2fAkDxWaq4F1WJQrSPKZfcH5,471,0xB35728D533Ea887862b9Ed00cfe2B7F3D36A4e71,vesting,0xA205c6e35e0814B0A602b016B539E819807f27F3
12D3KooWJQ6tbfq2Dtcp3zoWa1MYLpMxdtcAHzosixGkcoXPDPHu,4256,0x5CF5A099A9089b31689B16cd83d06b6ce154c41b,eoa,0x5CF5A099A9089b31689B16cd83d06b6ce154c41b
12D3KooWMQh8cYKvJuwMaXoL615BasGhNoBhYAUxXkkEyu8LWKro,4259,0x5CF5A099A9089b31689B16cd83d06b6ce154c41b,eoa,0x5CF5A099A9089b31689B16cd83d06b6ce154c41b
12D3KooWSxrkoN7UU8UWKULdek8gWMpVvkGbHaehdtduD2ARVD5H,1766,0xec6E0dBf15C8a106471A9163A4848C4e8D06b63D,vesting,0x80c88d21975aB9829181536766d15005444B9aAd
12D3KooWE8qEPDvH2FAMHoJLJWeEfSGx6vtTHoCDp9ek2KpQVLQg,2232,0x920848e15407e7d1a88B5E16506a5724BFDe9164,vesting,0x2aA9ADb88efa160A1987DBbf42B916aB83983751
12D3KooWFLE91N5pYiYZuhmVezahTWGg5jNySKoXLZj6oZbwFtoC,911,0xC99B581a508e8ae499671B4fa1d43E96B127094f,vesting,0x51FF35792Ec01fEA7048A295Ea68A3156d92b629
12D3KooWJifdKhjwPWSKsGvjK7dWAqZH9pjkbWHZvJrNmnSrjAfu,4252,0x5CF5A099A9089b31689B16cd83d06b6ce154c41b,eoa,0x5CF5A099A9089b31689B16cd83d06b6ce154c41b
12D3KooWKnRSVZJui6ZR63eaX1wybHvSUSoS8rokTiKgaHZpxnRy,4418,0x5CF5A099A9089b31689B16cd83d06b6ce154c41b,eoa,0x5CF5A099A9089b31689B16cd83d06b6ce154c41b
12D3KooWDjS6LNpPQM4XEDgfgNqbw2hkM4kYurWkjF6E2XaoYGPB,3965,0xebc625Cee6367CF65b4ba8f8D99eA4BEAf01035f,vesting,0xdADB8013e3764DDd303D9B15A3a7b513e7089744
12D3KooWF5vPPTWTRqWBsUVMGdNrSeA2rM2ECiQ4oSCobXachotT,426,0xB35728D533Ea887862b9Ed00cfe2B7F3D36A4e71,vesting,0xA205c6e35e0814B0A602b016B539E819807f27F3
12D3KooWLsJNq3oH8M3BWeHy2iqAgtxGiiUF6afHMeaRkDS2cxQs,4473,0x43d6A791c7db5C4dc2535a648FB25307FbD8478f,eoa,0x43d6A791c7db5C4dc2535a648FB25307FbD8478f
12D3KooWMCoT61cX45ZpWFzwV5Zbpw5SU26YpjZMPQSC3YRedXv8,2109,0x73471B6AB0b62d6918656B467317771C60094937,vesting,0x678d14c7e33f8D699aE3B9C0ca077245969D1942
12D3KooWLQYifLaCdXEUKCSy2Btge5FYj46NiL1kuN7v425Z6mo7,4332,0x5CF5A099A9089b31689B16cd83d06b6ce154c41b,eoa,0x5CF5A099A9089b31689B16cd83d06b6ce154c41b
12D3KooWNjvModCViuNBDhXfTEfYzLd3nhe9sqcgKPLmd8Hf1hwx,4475,0x43d6A791c7db5C4dc2535a648FB25307FbD8478f,eoa,0x43d6A791c7db5C4dc2535a648FB25307FbD8478f
12D3KooWCGM1r1zEm8nHtCMvyVQwW3dCMK4MwLFoSJRzpf8RYmmR,2145,0x73471B6AB0b62d6918656B467317771C60094937,vesting,0x678d14c7e33f8D699aE3B9C0ca077245969D1942
12D3KooWNczfG3mRMQWanzpv1aRFVZnE57oNvLxYwCZAZ1fhzuvc,2166,0x73471B6AB0b62d6918656B467317771C60094937,vesting,0x678d14c7e33f8D699aE3B9C0ca077245969D1942
12D3KooWPnCdnNVCWnxEdVfeYNXSHAsrjEx4joBcmYivERWKsre4,4233,0x5CF5A099A9089b31689B16cd83d06b6ce154c41b,eoa,0x5CF5A099A9089b31689B16cd83d06b6ce154c41b
12D3KooWCGEH4UWrkJpu8nrbgUaaQRKDeGMVQR2BFVTQF8TsZLyS,4178,0x5CF5A099A9089b31689B16cd83d06b6ce154c41b,eoa,0x5CF5A099A9089b31689B16cd83d06b6ce154c41b
12D3KooWMusuaYekcRkrCq7jpBwuXGRi7onBC1bMWzgARGZTEZD7,2191,0x920848e15407e7d1a88B5E16506a5724BFDe9164,vesting,0x2aA9ADb88efa160A1987DBbf42B916aB83983751
12D3KooWQKdh3oPwD7tbTjbyTuDS91Uaqbipu6Hm6AZk8pyn4u8w,676,0xB35728D533Ea887862b9Ed00cfe2B7F3D36A4e71,vesting,0xA205c6e35e0814B0A602b016B539E819807f27F3
12D3KooWMhJ3fppVbEDy2jz2Utai6mZApLMheXnDvCCi8QGoZmWD,3956,0xebc625Cee6367CF65b4ba8f8D99eA4BEAf01035f,vesting,0xdADB8013e3764DDd303D9B15A3a7b513e7089744
12D3KooWMR6D87LRGwWSdsERrpJejLYjyPDojhuA312Prbqtmm4E,4476,0x43d6A791c7db5C4dc2535a648FB25307FbD8478f,eoa,0x43d6A791c7db5C4dc2535a648FB25307FbD8478f
12D3KooWAqzgGgxSfJtskpbbKT5vmFym7F43DJcJs1EKoKVJZ1V9,4414,0x5CF5A099A9089b31689B16cd83d06b6ce154c41b,eoa,0x5CF5A099A9089b31689B16cd83d06b6ce154c41b
12D3KooWPBUQVyynKRu4TtFWYVTUpp5WgUMGQuSNBAgRjBGmg8LK,4393,0x5CF5A099A9089b31689B16cd83d06b6ce154c41b,eoa,0x5CF5A099A9089b31689B16cd83d06b6ce154c41b
12D3KooWN7eoPhwJqQSvDFFUp7BeDir9GZe37JQVrzrZEg21o6Zn,432,0xB35728D533Ea887862b9Ed00cfe2B7F3D36A4e71,vesting,0xA205c6e35e0814B0A602b016B539E819807f27F3
12D3KooWGi3hA6iiL3YoqhCdVCeNygyzEnuioZCvseoFF5BRw2Wf,2270,0x920848e15407e7d1a88B5E16506a5724BFDe9164,vesting,0x2aA9ADb88efa160A1987DBbf42B916aB83983751
12D3KooWK4JZV9Xa9ERffn1vZSptHhdsc3v2T4vXwiTf7V6Ptrck,516,0xB35728D533Ea887862b9Ed00cfe2B7F3D36A4e71,vesting,0xA205c6e35e0814B0A602b016B539E819807f27F3
12D3KooWGb9s9tefNMjMTtLAREUhbHSQ3ojLxVmFDu6TUjKYqGPM,4214,0x5CF5A099A9089b31689B16cd83d06b6ce154c41b,eoa,0x5CF5A099A9089b31689B16cd83d06b6ce154c41b
12D3KooWBTBi3CsN9k7ZFNP8Fx6nWuUQtejpNY2G6WSpZJ1UpzrZ,930,0xC99B581a508e8ae499671B4fa1d43E96B127094f,vesting,0x51FF35792Ec01fEA7048A295Ea68A3156d92b629
12D3KooWRCVYshDC2aC11aybX2JqRFWRJHS9rqnigPpPDhfmx9mV,4477,0x43d6A791c7db5C4dc2535a648FB25307FbD8478f,eoa,0x43d6A791c7db5C4dc2535a648FB25307FbD8478f
12D3KooWBiuqSeZbfrdZu4T4E1iD6H7kgrUcnBfkNMcNVkfKfFyc,4481,0x43d6A791c7db5C4dc2535a648FB25307FbD8478f,eoa,0x43d6A791c7db5C4dc2535a648FB25307FbD8478f
12D3KooWFwBtkz17C1muME3nBaG5BCyLxTiMJTpYc3LGwds417Ms,741,0xB35728D533Ea887862b9Ed00cfe2B7F3D36A4e71,vesting,0xA205c6e35e0814B0A602b016B539E819807f27F3
12D3KooWN3Jnbqji74T5ZLJUtVixXeakJEw7QmLtk3z1dap8ZR2F,2176,0x73471B6AB0b62d6918656B467317771C60094937,vesting,0x678d14c7e33f8D699aE3B9C0ca077245969D1942
12D3KooWCzhzAA57vHiEqcCbzFdc2o6Guj8D8cWrBe7VKiWQVKoj,4392,0x5CF5A099A9089b31689B16cd83d06b6ce154c41b,eoa,0x5CF5A099A9089b31689B16cd83d06b6ce154c41b
12D3KooWB5WPh41J4noBJDWYEVojzgqEu8CrexM3yhjuPeYQoDpn,4478,0x43d6A791c7db5C4dc2535a648FB25307FbD8478f,eoa,0x43d6A791c7db5C4dc2535a648FB25307FbD8478f
12D3KooWEKBkojtw4hGsC4eqNErnzPX3Kp3vghnJ7oRTy6imvxAg,4238,0x5CF5A099A9089b31689B16cd83d06b6ce154c41b,eoa,0x5CF5A099A9089b31689B16cd83d06b6ce154c41b
12D3KooWG23MPVLP9tGHkMwgbfkcZewhVbGu31HRUrBJkL92oo5r,2121,0x73471B6AB0b62d6918656B467317771C60094937,vesting,0x678d14c7e33f8D699aE3B9C0ca077245969D1942
12D3KooWLPfSRBHzwuGLFqTRB3qZj3HSbMQRMWTSW5vatxpPYsHg,4360,0x5CF5A099A9089b31689B16cd83d06b6ce154c41b,eoa,0x5CF5A099A9089b31689B16cd83d06b6ce154c41b
12D3KooWEULcPvRp7LypUXrX6BWXDouccrLCGbKEdKmHQwvwgG1K,4468,0x43d6A791c7db5C4dc2535a648FB25307FbD8478f,eoa,0x43d6A791c7db5C4dc2535a648FB25307FbD8478f
12D3KooWJqiHQdHPdpe6qtCRHcgcpeVpRqUEL81vJnJxSfeaGTCR,1762,0xec6E0dBf15C8a106471A9163A4848C4e8D06b63D,vesting,0x80c88d21975aB9829181536766d15005444B9aAd
12D3KooWJ8MwY9a9bdyv1oLULtE84xY5BXTW6yBSJJ8FddrvX7HP,2185,0x73471B6AB0b62d6918656B467317771C60094937,vesting,0x678d14c7e33f8D699aE3B9C0ca077245969D1942
12D3KooWSf1S2D4CmNdR7waJxmPvnjQhdWwin9ShK77mBem97MGk,792,0xB35728D533Ea887862b9Ed00cfe2B7F3D36A4e71,vesting,0xA205c6e35e0814B0A602b016B539E819807f27F3
12D3KooWAc3eJj41GSnJq3kqiMn34Wq64TMGBBVdPbwVNygFaA5L,4449,0x43d6A791c7db5C4dc2535a648FB25307FbD8478f,eoa,0x43d6A791c7db5C4dc2535a648FB25307FbD8478f
12D3KooWAbQmQMX9RVCTpjtJMh1mQ69sV772eueTB92SUyADfF7v,3974,0xebc625Cee6367CF65b4ba8f8D99eA4BEAf01035f,vesting,0xdADB8013e3764DDd303D9B15A3a7b513e7089744
12D3KooWFqeBHww3LLpAZCQu4Dy9cqUNuoZy6JY2Kyt513nwcFDF,4480,0x43d6A791c7db5C4dc2535a648FB25307FbD8478f,eoa,0x43d6A791c7db5C4dc2535a648FB25307FbD8478f
12D3KooWJWAFPabLvi4kz2USZpD1XWkzXZTHGZQSigeq2NwoWAny,2132,0x73471B6AB0b62d6918656B467317771C60094937,vesting,0x678d14c7e33f8D699aE3B9C0ca077245969D1942
12D3KooWMvFhakgPVHn8E5uph3LXTBuhsgnfkPy5vR5RR7DzohuZ,2146,0x73471B6AB0b62d6918656B467317771C60094937,vesting,0x678d14c7e33f8D699aE3B9C0ca077245969D1942
12D3KooWBfFedcTmgrzdcufe2BVtGYoXzsvcGtwKvhVtCuGCvSMh,4317,0x5CF5A099A9089b31689B16cd83d06b6ce154c41b,eoa,0x5CF5A099A9089b31689B16cd83d06b6ce154c41b
12D3KooWRBakBwDERe5MNAtWM5k8zvfaRUQkGNmdX4M8aRmCadSU,4340,0x5CF5A099A9089b31689B16cd83d06b6ce154c41b,eoa,0x5CF5A099A9089b31689B16cd83d06b6ce154c41b
12D3KooWNQR246TMk9MfFUerfKWYhz6L7veejrrLFw4wHb3XkYfb,2246,0x920848e15407e7d1a88B5E16506a5724BFDe9164,vesting,0x2aA9ADb88efa160A1987DBbf42B916aB83983751
12D3KooWEyzBKDeV5izNX7h2tKQKujU28UWVyPdFZesy6rHuXDi1,3971,0xebc625Cee6367CF65b4ba8f8D99eA4BEAf01035f,vesting,0xdADB8013e3764DDd303D9B15A3a7b513e7089744
12D3KooWF1RNAqbj59EWWqsViAg8bu2j2dYouLje5G2mZmK5dgrj,3992,0xebc625Cee6367CF65b4ba8f8D99eA4BEAf01035f,vesting,0xdADB8013e3764DDd303D9B15A3a7b513e7089744
12D3KooWKPmJZrYkDBcqMUyFMfghphCPeDhqRxL9pb3kUJCvNJhk,3407,0xec6E0dBf15C8a106471A9163A4848C4e8D06b63D,vesting,0x80c88d21975aB9829181536766d15005444B9aAd
12D3KooWJ6oDPgU5G69yH5FyfxhjgnszYXsgS2QBJ6SB8kSusYuV,3955,0xebc625Cee6367CF65b4ba8f8D99eA4BEAf01035f,vesting,0xdADB8013e3764DDd303D9B15A3a7b513e7089744
12D3KooWLWkoZvNuHQGEDKDwHu6BkXXoWYmcuWQSPzLPQJjCHdcE,2133,0x73471B6AB0b62d6918656B467317771C60094937,vesting,0x678d14c7e33f8D699aE3B9C0ca077245969D1942
12D3KooW9zDroky3Q5uvhU9TdgWaTQ5Hn1gSbCZKPFxq4c7ZdcEx,4203,0x5CF5A099A9089b31689B16cd83d06b6ce154c41b,eoa,0x5CF5A099A9089b31689B16cd83d06b6ce154c41b
12D3KooWSV7yWNUzygnJmPeRfLYMK77Tp9hNNgKGj9kZK1rnnfML,3978,0xebc625Cee6367CF65b4ba8f8D99eA4BEAf01035f,vesting,0xdADB8013e3764DDd303D9B15A3a7b513e7089744
12D3KooWRRtWpiCSHmtRr7onMZC6nXtTPtYYo9SYjn7C4Pruz3JL,415,0xB35728D533Ea887862b9Ed00cfe2B7F3D36A4e71,vesting,0xA205c6e35e0814B0A602b016B539E819807f27F3
12D3KooWLFCywfydCDuBjBeT184nypt3H4jcrh6Hbg5mQri9apjr,2148,0x73471B6AB0b62d6918656B467317771C60094937,vesting,0x678d14c7e33f8D699aE3B9C0ca077245969D1942
12D3KooWSrtutzBr3oLeWxRx6afumsDB2EU1vkPZxcEpP6RhTCtg,4164,0x5CF5A099A9089b31689B16cd83d06b6ce154c41b,eoa,0x5CF5A099A9089b31689B16cd83d06b6ce154c41b
12D3KooWDKLborQg2KaPGaBLmEBVpmTUoshevfa6rUNB3aTE2ubM,4373,0xf0C4B0eCD1C37760fDF6cfF39847dcBd421c5792,vesting,0x5CF5A099A9089b31689B16cd83d06b6ce154c41b
12D3KooWGbS7Xpr7ECb4aqF19XMVTrYN39F4u2Uc192vciN7eQDq,2136,0x73471B6AB0b62d6918656B467317771C60094937,vesting,0x678d14c7e33f8D699aE3B9C0ca077245969D1942
12D3KooWQuQPgB68g1jc4k9KkZ7NBDTf7tnbh6gEYvaa16zLRd1z,2235,0x920848e15407e7d1a88B5E16506a5724BFDe9164,vesting,0x2aA9ADb88efa160A1987DBbf42B916aB83983751
12D3KooWJdtiRAvs4T4GHb9WngqGx143WkmbDp9P3JXPfFWHhm22,4346,0x5CF5A099A9089b31689B16cd83d06b6ce154c41b,eoa,0x5CF5A099A9089b31689B16cd83d06b6ce154c41b
12D3KooWE4gCaErHrc9wKLEz9ZA5ep675sdwJf1WFhLS2KV7jem3,4474,0x43d6A791c7db5C4dc2535a648FB25307FbD8478f,eoa,0x43d6A791c7db5C4dc2535a648FB25307FbD8478f
12D3KooWJVPa14vm1nSHqRNGGa9656togX9EPprb3HG8VMCD4ixo,4378,0xf0C4B0eCD1C37760fDF6cfF39847dcBd421c5792,vesting,0x5CF5A099A9089b31689B16cd83d06b6ce154c41b
12D3KooWJoj7swM7Q9w2sWqotpgjXjnw9Z1BVM4cUWqij1aqtUCT,3962,0xebc625Cee6367CF65b4ba8f8D99eA4BEAf01035f,vesting,0xdADB8013e3764DDd303D9B15A3a7b513e7089744
12D3KooWQd3hXurXTUFgMBgZhBMvT9rhQoQEuXeVv7hjry59gqaR,805,0xB35728D533Ea887862b9Ed00cfe2B7F3D36A4e71,vesting,0xA205c6e35e0814B0A602b016B539E819807f27F3
12D3KooWNtajXYn3rXcj5PUnNNrRLkPXfm7xx2CkShmW1eFRQ7hT,1779,0xec6E0dBf15C8a106471A9163A4848C4e8D06b63D,vesting,0x80c88d21975aB9829181536766d15005444B9aAd
12D3KooWKUtMuJpBTLBiTvDaeYsjk2sPygUkSXb5MVJzEGSpU67z,4337,0x5CF5A099A9089b31689B16cd83d06b6ce154c41b,eoa,0x5CF5A099A9089b31689B16cd83d06b6ce154c41b
12D3KooWJWYq7BY65KXPzKRrPWtwpk8aYjDgQwUF6tj9Jf5MQ8Zo,714,0xB35728D533Ea887862b9Ed00cfe2B7F3D36A4e71,vesting,0xA205c6e35e0814B0A602b016B539E819807f27F3
12D3KooWAWii3DYfvZBoPuvAKg47mqj2sdU4cDnDRfR8pd93wuot,3961,0xebc625Cee6367CF65b4ba8f8D99eA4BEAf01035f,vesting,0xdADB8013e3764DDd303D9B15A3a7b513e7089744
12D3KooWEzh91V4K1JwUHj6LY8SrXC8DgVBLkK79eHaRMhUR4qY2,4371,0xf0C4B0eCD1C37760fDF6cfF39847dcBd421c5792,vesting,0x5CF5A099A9089b31689B16cd83d06b6ce154c41b
12D3KooWCDTWEXniM1vRjaozNQBWgYFGSpz39bHvygF9LBcbNcLX,4380,0x5CF5A099A9089b31689B16cd83d06b6ce154c41b,eoa,0x5CF5A099A9089b31689B16cd83d06b6ce154c41b
12D3KooWC2TMTyL47C4SpFNRKtLMRQX9cnUoqhx7TMC1QLqTAocr,381,0xB35728D533Ea887862b9Ed00cfe2B7F3D36A4e71,vesting,0xA205c6e35e0814B0A602b016B539E819807f27F3
12D3KooWSBSVEeLcLeKGrMhUZqnUjR3VkEkKTbzm72sa7oUUiEQ9,4316,0x5CF5A099A9089b31689B16cd83d06b6ce154c41b,eoa,0x5CF5A099A9089b31689B16cd83d06b6ce154c41b
12D3KooWJPJ1PoR1GtQqSSuLhZJghyjeGfeg4Ty2FTJUXrynMFEZ,3425,0xcd65B8BeeE22C8D1De6653A47e928d387e037aD3,eoa,0xcd65B8BeeE22C8D1De6653A47e928d387e037aD3
12D3KooWMF3XMLsMfGxS7w5Cwku5Hd1tv5WNUBK3MS4J3qqY7QmD,1733,0xec6E0dBf15C8a106471A9163A4848C4e8D06b63D,vesting,0x80c88d21975aB9829181536766d15005444B9aAd
12D3KooWCDa2StzCPD4GGkRXf6DVjhJCJKEmZ113VsEFnwPjHkoh,4483,0x43d6A791c7db5C4dc2535a648FB25307FbD8478f,eoa,0x43d6A791c7db5C4dc2535a648FB25307FbD8478f
12D3KooWK7qk3MoktAN2B5NKuBhmyk5quP8GEurpybnpK3W2ZwEt,2115,0x73471B6AB0b62d6918656B467317771C60094937,vesting,0x678d14c7e33f8D699aE3B9C0ca077245969D1942
12D3KooWCLcHBr1VDfrABL4KWcZAsqF8ZRWruiD1zFQxc4dw7JND,919,0xC99B581a508e8ae499671B4fa1d43E96B127094f,vesting,0x51FF35792Ec01fEA7048A295Ea68A3156d92b629
12D3KooWHqdjZAVSeCZJRmYNxCpVbbjr542ZHE8yLpUrGmDzaVNE,4372,0xf0C4B0eCD1C37760fDF6cfF39847dcBd421c5792,vesting,0x5CF5A099A9089b31689B16cd83d06b6ce154c41b
12D3KooWMBTvrJarHUYJHYwGfPxspPLvVQeJcW2y9F5qYro4XadX,4149,0x5CF5A099A9089b31689B16cd83d06b6ce154c41b,eoa,0x5CF5A099A9089b31689B16cd83d06b6ce154c41b
12D3KooWCnfS9s75FDfoYsR7pJPrGHr943aMhuHmuvZ2TLW6kegX,4384,0x5CF5A099A9089b31689B16cd83d06b6ce154c41b,eoa,0x5CF5A099A9089b31689B16cd83d06b6ce154c41b
12D3KooWMsKf2Lc5nSnAwWM3cGTDoUQUr1BYgYKLwNmiPt3yRDUy,903,0xC99B581a508e8ae499671B4fa1d43E96B127094f,vesting,0x51FF35792Ec01fEA7048A295Ea68A3156d92b629
12D3KooWDDnU4P1ia5JeQ5XZFHUT3RvUDFKXBxVXc4bUy9F7iHNX,3411,0xec6E0dBf15C8a106471A9163A4848C4e8D06b63D,vesting,0x80c88d21975aB9829181536766d15005444B9aAd
12D3KooWL1hDe9bk4ChTZVSvgJwZgpaFZKBmH8rRmxBvsfLoNdkn,314,0xB35728D533Ea887862b9Ed00cfe2B7F3D36A4e71,vesting,0xA205c6e35e0814B0A602b016B539E819807f27F3
12D3KooWPjpTof9Js3rYLxKdF7Aw3QhxAVXswW3V5yvQpHQVgiD3,515,0xB35728D533Ea887862b9Ed00cfe2B7F3D36A4e71,vesting,0xA205c6e35e0814B0A602b016B539E819807f27F3
12D3KooWN8Dx6S3JTKPXNWnCfA6WvsCEWBCsTNWSjXKKspTgM3yS,1797,0xec6E0dBf15C8a106471A9163A4848C4e8D06b63D,vesting,0x80c88d21975aB9829181536766d15005444B9aAd
12D3KooWEnfAkbETsqbFoTUMgmGuPTAQ7CeaAmAJNSeJoX42rTob,2284,0x920848e15407e7d1a88B5E16506a5724BFDe9164,vesting,0x2aA9ADb88efa160A1987DBbf42B916aB83983751
12D3KooWPXMNGVScD8AoDw3NY8Hh9WVjnEk3wE3kiuvjANRKUsBV,4250,0x5CF5A099A9089b31689B16cd83d06b6ce154c41b,eoa,0x5CF5A099A9089b31689B16cd83d06b6ce154c41b
12D3KooWFjUSYzebfduCXDtggQZinX5MFCe8T8m4DUAAjZBxZJ3t,1804,0xec6E0dBf15C8a106471A9163A4848C4e8D06b63D,vesting,0x80c88d21975aB9829181536766d15005444B9aAd
12D3KooWDp3nKVDPQmerFLjP3U2NQwBt6hFaJ3U7qMZ4d4ArtRxL,2155,0x73471B6AB0b62d6918656B467317771C60094937,vesting,0x678d14c7e33f8D699aE3B9C0ca077245969D1942
12D3KooWKiWmEHBxHBgjUG6J7HmYxnZ4DfmYpGLFBU6LdLeTCuQR,520,0xB35728D533Ea887862b9Ed00cfe2B7F3D36A4e71,vesting,0xA205c6e35e0814B0A602b016B539E819807f27F3
12D3KooWHPxXvSWLTv5MKEox15a2HLHw8Z6qrTRkmp5QwvEu4PQQ,675,0xB35728D533Ea887862b9Ed00cfe2B7F3D36A4e71,vesting,0xA205c6e35e0814B0A602b016B539E819807f27F3
12D3KooWNmuSBzvGqRtrRZYteM2o8teBZCSMWyYQRePY8w1EH97A,2149,0x73471B6AB0b62d6918656B467317771C60094937,vesting,0x678d14c7e33f8D699aE3B9C0ca077245969D1942
12D3KooWNRLn6Vxe9U4MFJ3RExZms1sMWUQkFk3i1LYuBuRe5SzW,4410,0x5CF5A099A9089b31689B16cd83d06b6ce154c41b,eoa,0x5CF5A099A9089b31689B16cd83d06b6ce154c41b
12D3KooWDTrgMACLEtx5Fh4ox4N6hPMtu2R9viG8xWTswdyzFGc3,1716,0xec6E0dBf15C8a106471A9163A4848C4e8D06b63D,vesting,0x80c88d21975aB9829181536766d15005444B9aAd
12D3KooWKeXJF6YBjroV3skJAv1x5RR49SJFRhwHyooSYtiTgaWu,1727,0xec6E0dBf15C8a106471A9163A4848C4e8D06b63D,vesting,0x80c88d21975aB9829181536766d15005444B9aAd
12D3KooWHefQSpqwzwdP67i9uuGFK4T9QUYc9JNKvFmhvHCdDYqn,782,0xB35728D533Ea887862b9Ed00cfe2B7F3D36A4e71,vesting,0xA205c6e35e0814B0A602b016B539E819807f27F3
12D3KooWFDeUtNEkRPQBFhCicRBw4KMCWhf8FTBrVGXFf8HBVKXn,4354,0x5CF5A099A9089b31689B16cd83d06b6ce154c41b,eoa,0x5CF5A099A9089b31689B16cd83d06b6ce154c41b
12D3KooWMWU5rYmJMuTeFVcNJk1NRSM2wkMXTF2X4FAY75HbKTmx,2206,0x920848e15407e7d1a88B5E16506a5724BFDe9164,vesting,0x2aA9ADb88efa160A1987DBbf42B916aB83983751
12D3KooWCAv3goJhFu3atmptaNNJAnB5i8mJiPAnHcT15H2vZF3k,4174,0x5CF5A099A9089b31689B16cd83d06b6ce154c41b,eoa,0x5CF5A099A9089b31689B16cd83d06b6ce154c41b
12D3KooWF9cD8DCDczCmVroFGNeXnDWEwPw88nfeBBjNunhLEthK,742,0xB35728D533Ea887862b9Ed00cfe2B7F3D36A4e71,vesting,0xA205c6e35e0814B0A602b016B539E819807f27F3
12D3KooWQfWc53tuyND6HsqfyxvgfUyUsjfrfksrgns36GzvjPUo,1754,0xec6E0dBf15C8a106471A9163A4848C4e8D06b63D,vesting,0x80c88d21975aB9829181536766d15005444B9aAd
12D3KooWMJQ12MMPyaRmMd1uf6dGYahzr1yDBKhhFMJLrtSsBDsi,679,0xB35728D533Ea887862b9Ed00cfe2B7F3D36A4e71,vesting,0xA205c6e35e0814B0A602b016B539E819807f27F3
12D3KooWDFqLd24BsomcYMVpgaiq3MewLcLT964JtRx95d9s5wAA,905,0xC99B581a508e8ae499671B4fa1d43E96B127094f,vesting,0x51FF35792Ec01fEA7048A295Ea68A3156d92b629
12D3KooWQyr8x24ndZXDCbm5t5jse3G5vC8bzPzDhj7hNcU8V54w,2093,0x73471B6AB0b62d6918656B467317771C60094937,vesting,0x678d14c7e33f8D699aE3B9C0ca077245969D1942
12D3KooWJNyjyzxaQQKhSSqsM435fhcXxebWXfVu5EsTnv6qhtGK,703,0xB35728D533Ea887862b9Ed00cfe2B7F3D36A4e71,vesting,0xA205c6e35e0814B0A602b016B539E819807f27F3
12D3KooWEq4hnatvj9atEyDTMTkWrQaTZzC2QMZF2E98rVnzcBNn,4162,0x5CF5A099A9089b31689B16cd83d06b6ce154c41b,eoa,0x5CF5A099A9089b31689B16cd83d06b6ce154c41b
12D3KooWKWdbnVHVZ5G2nu99zYyftcSgaHRkzNcNPSYJXH4ZXAGi,788,0xB35728D533Ea887862b9Ed00cfe2B7F3D36A4e71,vesting,0xA205c6e35e0814B0A602b016B539E819807f27F3
12D3KooWQLPazgX7ViVCbw4fgeUEaCDRqkg9ERCTrBjzL2vgDA8N,2198,0x920848e15407e7d1a88B5E16506a5724BFDe9164,vesting,0x2aA9ADb88efa160A1987DBbf42B916aB83983751
12D3KooWP7Gym93x86F8n62wNNXW9cCtkBXXZE7mTThrYEZ6rNPa,922,0xC99B581a508e8ae499671B4fa1d43E96B127094f,vesting,0x51FF35792Ec01fEA7048A295Ea68A3156d92b629
12D3KooWEBY2rNUWk3NUK6JcXmWfM2prc1tBBsvoF3hzkktF1PqT,4369,0x5CF5A099A9089b31689B16cd83d06b6ce154c41b,eoa,0x5CF5A099A9089b31689B16cd83d06b6ce154c41b
12D3KooWCE9UKCwm4c9bAPeoNvFcHTZ21LixDNC6FDZ4dGLREohK,1744,0xec6E0dBf15C8a106471A9163A4848C4e8D06b63D,vesting,0x80c88d21975aB9829181536766d15005444B9aAd
12D3KooWACxTvJhJzfaBtkSL3Suudq9Z22uV1Kp7ajkENoNAAAqv,2138,0x73471B6AB0b62d6918656B467317771C60094937,vesting,0x678d14c7e33f8D699aE3B9C0ca077245969D1942
12D3KooWEc3RFb1g1CA6qPFiAU82FSg4Qg3KqHcGPjmLsKq5JHzS,2113,0x73471B6AB0b62d6918656B467317771C60094937,vesting,0x678d14c7e33f8D699aE3B9C0ca077245969D1942
12D3KooWHNvYkg5xpkLp8iCtFmaXXqbEc4RfjfUowhFV2dr3iU8x,1785,0xec6E0dBf15C8a106471A9163A4848C4e8D06b63D,vesting,0x80c88d21975aB9829181536766d15005444B9aAd
12D3KooWFBdKKZLypKjQ9wc7ndsViQRHF6figUsQknmYZwuoSkPc,1735,0xec6E0dBf15C8a106471A9163A4848C4e8D06b63D,vesting,0x80c88d21975aB9829181536766d15005444B9aAd
12D3KooWSBJy4mRocrxiSDQsyGtnD9G6Sa5kMKDG9mfKMiiHLfjc,4184,0x5CF5A099A9089b31689B16cd83d06b6ce154c41b,eoa,0x5CF5A099A9089b31689B16cd83d06b6ce154c41b
12D3KooWKFGSXiRuLgTNxtiDnRVx4XMSuA7yPxcz6SQpSut9QeTN,1749,0xec6E0dBf15C8a106471A9163A4848C4e8D06b63D,vesting,0x80c88d21975aB9829181536766d15005444B9aAd
12D3KooWFbbkFQiNufsbnPYzzR6TU4QLkga6AUAZeKxxuGth12Vt,430,0xB35728D533Ea887862b9Ed00cfe2B7F3D36A4e71,vesting,0xA205c6e35e0814B0A602b016B539E819807f27F3
12D3KooWS7BhfYXqH6Leh4LeRN1xnWQ8hYVtdjCZKUmt7sEStCNx,2103,0x73471B6AB0b62d6918656B467317771C60094937,vesting,0x678d14c7e33f8D699aE3B9C0ca077245969D1942
12D3KooWNqcRuT47YWooePUuF9Y7XA349xMZeKnbtkfJHJRZgZMH,910,0xC99B581a508e8ae499671B4fa1d43E96B127094f,vesting,0x51FF35792Ec01fEA7048A295Ea68A3156d92b629
12D3KooWRuXkktMxxkPUv1AAUikE5Ui787brWeDctjnmTEWjEEsJ,3948,0xebc625Cee6367CF65b4ba8f8D99eA4BEAf01035f,vesting,0xdADB8013e3764DDd303D9B15A3a7b513e7089744
12D3KooW9uAxStEQaGMbE89SJskm5U8L472Q47qGuf12ybu1HtoJ,721,0xB35728D533Ea887862b9Ed00cfe2B7F3D36A4e71,vesting,0xA205c6e35e0814B0A602b016B539E819807f27F3
12D3KooWHhgvDo57HUvYUSvRChzAqrpu6k38GJVqeGsSkth36pT4,418,0xB35728D533Ea887862b9Ed00cfe2B7F3D36A4e71,vesting,0xA205c6e35e0814B0A602b016B539E819807f27F3
12D3KooWLxsxxsbo6JeZuGFShbYVrgdM5Y5QtudXgeK3xqivYaLv,673,0xB35728D533Ea887862b9Ed00cfe2B7F3D36A4e71,vesting,0xA205c6e35e0814B0A602b016B539E819807f27F3
12D3KooWNgZcVH31h7UkS1mmXRYHTsnTHVj9iBv8aH96nDFYvZxs,3424,0xcd65B8BeeE22C8D1De6653A47e928d387e037aD3,eoa,0xcd65B8BeeE22C8D1De6653A47e928d387e037aD3
12D3KooWCj9P68zJDwcT9sQiZXYpH2w7YofYBJ9dV4NwyjxHGde8,1748,0xec6E0dBf15C8a106471A9163A4848C4e8D06b63D,vesting,0x80c88d21975aB9829181536766d15005444B9aAd
12D3KooWNtAmTkzSybBRRux44CNf3GBmUaRFJ1BngcBKaPfqJBQB,2261,0x920848e15407e7d1a88B5E16506a5724BFDe9164,vesting,0x2aA9ADb88efa160A1987DBbf42B916aB83983751
12D3KooWLYyo8EowQJG77Af14XhdQgduiGUx1yVtf7hjVG8ESpeg,925,0xC99B581a508e8ae499671B4fa1d43E96B127094f,vesting,0x51FF35792Ec01fEA7048A295Ea68A3156d92b629
12D3KooWGvBptN3Q967LohgdLp33VisNBrePj96C6Q2WJDGBj25x,3397,0xec6E0dBf15C8a106471A9163A4848C4e8D06b63D,vesting,0x80c88d21975aB9829181536766d15005444B9aAd
12D3KooWPBpreU3uE1tSMsv7XRorDmFdeiP1T1XVfUMV85VbuMdz,3966,0xebc625Cee6367CF65b4ba8f8D99eA4BEAf01035f,vesting,0xdADB8013e3764DDd303D9B15A3a7b513e7089744
12D3KooWS6ucGimbZWxsgHideMBWvdJnfBSZLXuneGi4rBsNHpsq,315,0xB35728D533Ea887862b9Ed00cfe2B7F3D36A4e71,vesting,0xA205c6e35e0814B0A602b016B539E819807f27F3
12D3KooWCsQ2F8oKVXheXHArabfKxjbmi1h3JAWsqnFZKXfLYeee,2161,0x73471B6AB0b62d6918656B467317771C60094937,vesting,0x678d14c7e33f8D699aE3B9C0ca077245969D1942
12D3KooWFDDNvUr2v7CEbmYd2daTFhvP47qLmpP9wEAFHaqCdEMg,2104,0x73471B6AB0b62d6918656B467317771C60094937,vesting,0x678d14c7e33f8D699aE3B9C0ca077245969D1942
12D3KooWKtcY4MqJfKYk27EibV6EzY8r1KTdTY14PgPx1zUSCs7S,1761,0xec6E0dBf15C8a106471A9163A4848C4e8D06b63D,vesting,0x80c88d21975aB9829181536766d15005444B9aAd
12D3KooWNm63MVxsMnko6Ktcr5ok2fbsb9wLYYf8mgRDxfiyd7gK,473,0xB35728D533Ea887862b9Ed00cfe2B7F3D36A4e71,vesting,0xA205c6e35e0814B0A602b016B539E819807f27F3
12D3KooWNCyLECqG1npAteVkwdtveqZZp8EVXmEomUg78weMn6w5,2128,0x73471B6AB0b62d6918656B467317771C60094937,vesting,0x678d14c7e33f8D699aE3B9C0ca077245969D1942
12D3KooWPJ3RjSFKGCgTKDfxWNZA5KFVEtosNMpYwFgG6yBUUvBs,3398,0xec6E0dBf15C8a106471A9163A4848C4e8D06b63D,vesting,0x80c88d21975aB9829181536766d15005444B9aAd
12D3KooWL95ZwRL6acT2v6GcdyVkvNNiUuKKsMPkNAMdngjBtrgb,705,0xB35728D533Ea887862b9Ed00cfe2B7F3D36A4e71,vesting,0xA205c6e35e0814B0A602b016B539E819807f27F3
12D3KooWBwrtaURiCA9Zec6wZi9AuSW9rbje8KA6Jq5FEqvNSaye,3970,0xebc625Cee6367CF65b4ba8f8D99eA4BEAf01035f,vesting,0xdADB8013e3764DDd303D9B15A3a7b513e7089744
12D3KooWCVMnnniVbcRHpLt3CK9tcCkg7foJQumfNRbwEs73CcK7,318,0xB35728D533Ea887862b9Ed00cfe2B7F3D36A4e71,vesting,0xA205c6e35e0814B0A602b016B539E819807f27F3
12D3KooWBJcDEvWPbHmx2wPkDCMxymHR85d4Buwx8dRWhhDP3dx5,1781,0xec6E0dBf15C8a106471A9163A4848C4e8D06b63D,vesting,0x80c88d21975aB9829181536766d15005444B9aAd
12D3KooWGVDpLqUK1Q2bNcPY9XAKjyNhPmXDVuxfas3aa3Abi6js,2170,0x73471B6AB0b62d6918656B467317771C60094937,vesting,0x678d14c7e33f8D699aE3B9C0ca077245969D1942
12D3KooWD8QUPStwcEEn32iVWiyWKaEp23myAiQfKtu6m7eqVx5V,2227,0x920848e15407e7d1a88B5E16506a5724BFDe9164,vesting,0x2aA9ADb88efa160A1987DBbf42B916aB83983751
12D3KooWEeo8GbCyEH342SSipfhGyREps6w8uCP1n5w6FQvePdJ9,4187,0x5CF5A099A9089b31689B16cd83d06b6ce154c41b,eoa,0x5CF5A099A9089b31689B16cd83d06b6ce154c41b
12D3KooWG9T159dg3cstWtVUw66cTj1fnju81wmECJfZYARDNkkQ,2243,0x920848e15407e7d1a88B5E16506a5724BFDe9164,vesting,0x2aA9ADb88efa160A1987DBbf42B916aB83983751
12D3KooWPpqJcAaLCHAzoaNrn7eEn2aARWZpMKawXUGVTafpqzdi,4237,0x5CF5A099A9089b31689B16cd83d06b6ce154c41b,eoa,0x5CF5A099A9089b31689B16cd83d06b6ce154c41b
12D3KooWKT6YmSrfmmrVkFzennvuS8UbAoEs6qaRmwRrdSCtDkRH,462,0xB35728D533Ea887862b9Ed00cfe2B7F3D36A4e71,vesting,0xA205c6e35e0814B0A602b016B539E819807f27F3
12D3KooWSLebx9GyNiGKLSeEp8kVaUNe7mYRdmTSvJE4qgsfZLKX,790,0xB35728D533Ea887862b9Ed00cfe2B7F3D36A4e71,vesting,0xA205c6e35e0814B0A602b016B539E819807f27F3
12D3KooWHcKF5mcY8eMMcTqrjf1g1BRYkf5ms1nZE7gUXG9S6G3Z,707,0xB35728D533Ea887862b9Ed00cfe2B7F3D36A4e71,vesting,0xA205c6e35e0814B0A602b016B539E819807f27F3
12D3KooWAPzJSGFMcXN9vxcUWdAisHGB8R81KucnZtYeExsxGgSN,2275,0x920848e15407e7d1a88B5E16506a5724BFDe9164,vesting,0x2aA9ADb88efa160A1987DBbf42B916aB83983751
12D3KooWGtu5fZQC2gZww9n6YGmdYZBjDNjxxmN4kDdWm3cJ3Fss,2202,0x920848e15407e7d1a88B5E16506a5724BFDe9164,vesting,0x2aA9ADb88efa160A1987DBbf42B916aB83983751
12D3KooWFM8Nsy63JnULUojH3nDFkCW46AhLFVDXUtYvvWLbJKZa,1763,0xec6E0dBf15C8a106471A9163A4848C4e8D06b63D,vesting,0x80c88d21975aB9829181536766d15005444B9aAd
12D3KooWH6UWG6P4W3hwcnpUo9gb4PD41C6RKAvzuHvQTKcKxsaN,3409,0xec6E0dBf15C8a106471A9163A4848C4e8D06b63D,vesting,0x80c88d21975aB9829181536766d15005444B9aAd
12D3KooWSbGPQRaQzeq5fPCuTAtapBHixtmZLG2bD954rHw8V3wL,4225,0x5CF5A099A9089b31689B16cd83d06b6ce154c41b,eoa,0x5CF5A099A9089b31689B16cd83d06b6ce154c41b
12D3KooWNSvXMv5K4LUz3rYk4HgHVP3APMMEA5huBVGT5m2sxcVr,807,0xB35728D533Ea887862b9Ed00cfe2B7F3D36A4e71,vesting,0xA205c6e35e0814B0A602b016B539E819807f27F3
12D3KooWJRK6HKhY8TZWzwfoJDwhZqpTSu9Xy4c9CBLXjkhpZ8aR,3964,0xebc625Cee6367CF65b4ba8f8D99eA4BEAf01035f,vesting,0xdADB8013e3764DDd303D9B15A3a7b513e7089744
12D3KooWGS5J5ySswjNP4XAxacDEnmnYRLbRK5GxmeMDZAy5uX95,1724,0xec6E0dBf15C8a106471A9163A4848C4e8D06b63D,vesting,0x80c88d21975aB9829181536766d15005444B9aAd
12D3KooWAZaBnBnZZLhyxDfkiBLGZ7TL6RCmMRnFQjY3tKRMcaef,1760,0xec6E0dBf15C8a106471A9163A4848C4e8D06b63D,vesting,0x80c88d21975aB9829181536766d15005444B9aAd
12D3KooWEbUhFE9hSZ1bXLN6S4eJpQbUwD7aSorRB3LqWXpjqfoH,395,0xB35728D533Ea887862b9Ed00cfe2B7F3D36A4e71,vesting,0xA205c6e35e0814B0A602b016B539E819807f27F3
12D3KooWAjy3CMSUoobUtsbxYjNCg7CLiajeE5pdf9Asyxn6ECSk,4300,0x5CF5A099A9089b31689B16cd83d06b6ce154c41b,eoa,0x5CF5A099A9089b31689B16cd83d06b6ce154c41b
12D3KooWF3DGWot4uWTRf1qf8qBZbwHTBPRti57sSzBKFvDyGvYV,2282,0x920848e15407e7d1a88B5E16506a5724BFDe9164,vesting,0x2aA9ADb88efa160A1987DBbf42B916aB83983751
12D3KooWMZpoJoPGf2qy1nw136v2mgXugFraCR1oNowsV2qAuosa,2200,0x920848e15407e7d1a88B5E16506a5724BFDe9164,vesting,0x2aA9ADb88efa160A1987DBbf42B916aB83983751
12D3KooWNFfshu4ZNA9SnsnRbBkGVLsVQatFTdv5ebg6VWnjQMsh,2208,0x920848e15407e7d1a88B5E16506a5724BFDe9164,vesting,0x2aA9ADb88efa160A1987DBbf42B916aB83983751
12D3KooWDhwPq1DqWLNnQ5wEhKi63Z3LUFBWVWiGSngtobUwSeuW,3412,0xec6E0dBf15C8a106471A9163A4848C4e8D06b63D,vesting,0x80c88d21975aB9829181536766d15005444B9aAd
12D3KooWJpWX9ZYD5e6TM4EgFMuq5xdrC1j4AV6SBk6VaGcb5ZE2,411,0xB35728D533Ea887862b9Ed00cfe2B7F3D36A4e71,vesting,0xA205c6e35e0814B0A602b016B539E819807f27F3
12D3KooWKkQg7z6QsqS4yaaQ9sUoMTwWvncqhhth9tcXQ3GUR2kA,2190,0x920848e15407e7d1a88B5E16506a5724BFDe9164,vesting,0x2aA9ADb88efa160A1987DBbf42B916aB83983751
12D3KooWLoojfdK2mo32SpEGKu9DEKWam1nPweyEwnGrY3G1Mhmc,4355,0x5CF5A099A9089b31689B16cd83d06b6ce154c41b,eoa,0x5CF5A099A9089b31689B16cd83d06b6ce154c41b
12D3KooWQa3jKsxYu2ze8972q2mDnkkHSEW4DDEf7NPByNSEKmGV,4320,0x5CF5A099A9089b31689B16cd83d06b6ce154c41b,eoa,0x5CF5A099A9089b31689B16cd83d06b6ce154c41b
12D3KooWP9uBbirFhT7BBdPHaKEhWidaQFQ8bwk4EkyrjnaPGTjP,917,0xC99B581a508e8ae499671B4fa1d43E96B127094f,vesting,0x51FF35792Ec01fEA7048A295Ea68A3156d92b629
12D3KooWBmLY9djagfCcRYiMJW3m6fXDKdihhFbSWYoNYTND4aTp,1709,0xec6E0dBf15C8a106471A9163A4848C4e8D06b63D,vesting,0x80c88d21975aB9829181536766d15005444B9aAd
12D3KooWNwpC26J1hWrS1tsiG1JeVhuPb19eMo387kAM7GxuLFaM,4325,0x5CF5A099A9089b31689B16cd83d06b6ce154c41b,eoa,0x5CF5A099A9089b31689B16cd83d06b6ce154c41b
12D3KooWLYi57JZ65zi1TTj4qCB88LXwVQS8fSJkWsLCED3PucNm,321,0xB35728D533Ea887862b9Ed00cfe2B7F3D36A4e71,vesting,0xA205c6e35e0814B0A602b016B539E819807f27F3
12D3KooWA5rK3hCUVk6Dd5hfw4jLxTp69dHBZpGLxwYKP6tRQL3b,683,0xB35728D533Ea887862b9Ed00cfe2B7F3D36A4e71,vesting,0xA205c6e35e0814B0A602b016B539E819807f27F3
12D3KooWCQKPkEe1M4EUke59gL7vDgHCXgDWptkwPohxbq4wyaHZ,921,0xC99B581a508e8ae499671B4fa1d43E96B127094f,vesting,0x51FF35792Ec01fEA7048A295Ea68A3156d92b629
12D3KooWHSFa5do2fWwLnmwBWCDNoDribAPPFYKGLM22ou4RcQ2p,1776,0xec6E0dBf15C8a106471A9163A4848C4e8D06b63D,vesting,0x80c88d21975aB9829181536766d15005444B9aAd
12D3KooWSVNiUbzL3oBbgoLuD16JuvsbB898VEYzYe1q8ugPpjft,4202,0x5CF5A099A9089b31689B16cd83d06b6ce154c41b,eoa,0x5CF5A099A9089b31689B16cd83d06b6ce154c41b
12D3KooWPxTCc9BFDtS5SDLDa745aEh9V4Xu9NDKCCCL7sBtbN2c,733,0xB35728D533Ea887862b9Ed00cfe2B7F3D36A4e71,vesting,0xA205c6e35e0814B0A602b016B539E819807f27F3
12D3KooWHenVECrBbD7cNzfTxsoCyA8XdC1hexJQbngsfCXCpGXH,4376,0xf0C4B0eCD1C37760fDF6cfF39847dcBd421c5792,vesting,0x5CF5A099A9089b31689B16cd83d06b6ce154c41b
12D3KooWLgbAqr9aX97msMkjhGVAoiyEyv9G9xkESDMzseLoRfaG,4357,0x5CF5A099A9089b31689B16cd83d06b6ce154c41b,eoa,0x5CF5A099A9089b31689B16cd83d06b6ce154c41b
12D3KooWLLpf7iNQDuTbqTHXZwHhHrJ57ouP3bL4odbQHiph6cvK,933,0xC99B581a508e8ae499671B4fa1d43E96B127094f,vesting,0x51FF35792Ec01fEA7048A295Ea68A3156d92b629
12D3KooWRXAse5tFVEYEULAAdnFNqNssCdAsb1qk1v7Tzhbijj8r,2268,0x920848e15407e7d1a88B5E16506a5724BFDe9164,vesting,0x2aA9ADb88efa160A1987DBbf42B916aB83983751
12D3KooWQJWYJ6Bo87i5b8w5NL1qiGzs4n8iP6vSgVZTpc8JhzZA,3954,0xebc625Cee6367CF65b4ba8f8D99eA4BEAf01035f,vesting,0xdADB8013e3764DDd303D9B15A3a7b513e7089744
12D3KooWCAoJRke7VctxZQm4zJFPDz9RERPqAcueKrKvwZNfdDTe,931,0xC99B581a508e8ae499671B4fa1d43E96B127094f,vesting,0x51FF35792Ec01fEA7048A295Ea68A3156d92b629
12D3KooWNWY1GKXdkbgYJpX47L8nuHny7Z4gHHHm3fovgWJVn4Vn,3387,0xec6E0dBf15C8a106471A9163A4848C4e8D06b63D,vesting,0x80c88d21975aB9829181536766d15005444B9aAd
12D3KooWREoiY6cij83krwSsTAt1zaunrATeFFBUnGFLZPhNNhQV,528,0xB35728D533Ea887862b9Ed00cfe2B7F3D36A4e71,vesting,0xA205c6e35e0814B0A602b016B539E819807f27F3
12D3KooWGBJqrHNbdLryUg14PXAYpXYKShRpQMxqaCrmgMULhntM,2209,0x920848e15407e7d1a88B5E16506a5724BFDe9164,vesting,0x2aA9ADb88efa160A1987DBbf42B916aB83983751
12D3KooWH4SJMgsao88x8Zvhz9CGTq24fD3d7QXr7FXMPsAqsUQm,2173,0x73471B6AB0b62d6918656B467317771C60094937,vesting,0x678d14c7e33f8D699aE3B9C0ca077245969D1942
12D3KooWBTNojz2LHbeDcWQ7CXUvJcawptLEo2kSjaTknmm7a9xX,3435,0xcd65B8BeeE22C8D1De6653A47e928d387e037aD3,eoa,0xcd65B8BeeE22C8D1De6653A47e928d387e037aD3
12D3KooWPtrpSRYVU2jQT6ncYY6gNdugDWj9h89rmeaxmw5ueRVr,2111,0x73471B6AB0b62d6918656B467317771C60094937,vesting,0x678d14c7e33f8D699aE3B9C0ca077245969D1942
12D3KooWCdkt6UnFVgA3r9mU6mbYcUDQu2ey6U5kfSttx4XEqvjG,4221,0x5CF5A099A9089b31689B16cd83d06b6ce154c41b,eoa,0x5CF5A099A9089b31689B16cd83d06b6ce154c41b
12D3KooWPnVyJrGVxft9F1pv164j8eeQuLMJLY7aG9qTLP5r2WGV,3395,0xec6E0dBf15C8a106471A9163A4848C4e8D06b63D,vesting,0x80c88d21975aB9829181536766d15005444B9aAd
12D3KooWB4vtsQLZgcebVRdR6nsXcazME7KPcbKUjMFhSykA1Q36,4319,0x5CF5A099A9089b31689B16cd83d06b6ce154c41b,eoa,0x5CF5A099A9089b31689B16cd83d06b6ce154c41b
12D3KooWL4XXEUSh2xK9aSprArSpZH45RQvCEfP5uERrikzFTtay,3958,0xebc625Cee6367CF65b4ba8f8D99eA4BEAf01035f,vesting,0xdADB8013e3764DDd303D9B15A3a7b513e7089744
12D3KooWNgKu4iUtYRQ3RrWqBt26vYZqPtS2nZWNNYiLJBkMhn65,4490,0x43d6A791c7db5C4dc2535a648FB25307FbD8478f,eoa,0x43d6A791c7db5C4dc2535a648FB25307FbD8478f
12D3KooWAhHHFxBgQUtr6U8p9F1w2tcGY91xQWcgPhc9ACzUBx9q,4322,0x5CF5A099A9089b31689B16cd83d06b6ce154c41b,eoa,0x5CF5A099A9089b31689B16cd83d06b6ce154c41b
12D3KooWNQ2cshMnpT3EqcCwA36H1B1yWD3Tr8NAisPb5masrUkq,4173,0x5CF5A099A9089b31689B16cd83d06b6ce154c41b,eoa,0x5CF5A099A9089b31689B16cd83d06b6ce154c41b
12D3KooWKvj1q5zRbCwZqyy2E59uBhbDZ58ch9E5msjjcYofZSrs,4491,0x43d6A791c7db5C4dc2535a648FB25307FbD8478f,eoa,0x43d6A791c7db5C4dc2535a648FB25307FbD8478f
12D3KooWKFpTGzw4wsFZpBYAHzTghmSJUEU22NvDCthkGQMHZS8m,337,0xB35728D533Ea887862b9Ed00cfe2B7F3D36A4e71,vesting,0xA205c6e35e0814B0A602b016B539E819807f27F3
12D3KooWNyr4sMUSs4fSYFJu2hVcLYbEHx5CRTx8EqheZFFXTnQ1,4407,0x5CF5A099A9089b31689B16cd83d06b6ce154c41b,eoa,0x5CF5A099A9089b31689B16cd83d06b6ce154c41b
12D3KooWAokgNgQRVKB9yXE9BQC3y1btfiHKZvLLgCQUmsr4HTvu,2242,0x920848e15407e7d1a88B5E16506a5724BFDe9164,vesting,0x2aA9ADb88efa160A1987DBbf42B916aB83983751
12D3KooWDWcZPZbGdTy9QNTEgjEhmVEC6CnP778Q8tqP4u4N6tf3,1757,0xec6E0dBf15C8a106471A9163A4848C4e8D06b63D,vesting,0x80c88d21975aB9829181536766d15005444B9aAd
12D3KooWDED82mfjuRnwQWegsSBJAsPitK7sDjnKuhLPK7r2kyMc,457,0xB35728D533Ea887862b9Ed00cfe2B7F3D36A4e71,vesting,0xA205c6e35e0814B0A602b016B539E819807f27F3
12D3KooWDXvQtmZ8pb5xsvsq54QmsSdGaJmbU9jgKc1VfRB85oTp,1753,0xec6E0dBf15C8a106471A9163A4848C4e8D06b63D,vesting,0x80c88d21975aB9829181536766d15005444B9aAd
12D3KooWHkk2sm8XTnTGtXr5r8egRReSFZSX1akecM9Tmti6ENZb,4292,0x5CF5A099A9089b31689B16cd83d06b6ce154c41b,eoa,0x5CF5A099A9089b31689B16cd83d06b6ce154c41b
12D3KooWNZmUkHMFX4dURdhk29VEPxopKRV7KUQ3G1Vg9qfiEx3v,4186,0x5CF5A099A9089b31689B16cd83d06b6ce154c41b,eoa,0x5CF5A099A9089b31689B16cd83d06b6ce154c41b
12D3KooWDrnmFRufNbZWJFveZ1gcGKEZ4Px3fDmCn3zDqjhGDPGe,518,0xB35728D533Ea887862b9Ed00cfe2B7F3D36A4e71,vesting,0xA205c6e35e0814B0A602b016B539E819807f27F3
12D3KooWRBCeaeYz3KkVDCqdkFGbUByCpFqyNAvZwuCwidzdDkCv,512,0xB35728D533Ea887862b9Ed00cfe2B7F3D36A4e71,vesting,0xA205c6e35e0814B0A602b016B539E819807f27F3
12D3KooWK28fc5jkKEodQLPFvgwLRJjTvGDwvMWaBCo8niobSoAa,1719,0xec6E0dBf15C8a106471A9163A4848C4e8D06b63D,vesting,0x80c88d21975aB9829181536766d15005444B9aAd
12D3KooWHkSLW2ujjsoTDBMYhYV2oK6SATbVkj79JX3o1PspLSHP,4253,0x5CF5A099A9089b31689B16cd83d06b6ce154c41b,eoa,0x5CF5A099A9089b31689B16cd83d06b6ce154c41b
12D3KooWNk48MHMayVeWryajgfmwhvddy87EPWXsJNdhK6PBNyTR,796,0xB35728D533Ea887862b9Ed00cfe2B7F3D36A4e71,vesting,0xA205c6e35e0814B0A602b016B539E819807f27F3
12D3KooWQu51ZCvJ3CtMvKdyoPc8XhRBqa5zH2jXJRPwQRYhKBKS,398,0xB35728D533Ea887862b9Ed00cfe2B7F3D36A4e71,vesting,0xA205c6e35e0814B0A602b016B539E819807f27F3
12D3KooWEUWFRgP9WAYAKPX8GpiDUBQNr1cHvnX26yfAxtPHvHsc,799,0xB35728D533Ea887862b9Ed00cfe2B7F3D36A4e71,vesting,0xA205c6e35e0814B0A602b016B539E819807f27F3
12D3KooWPeF7aEknN61fSE2q22FWaJNGAm2nRr5d2QJ6ACUBdBCk,2266,0x920848e15407e7d1a88B5E16506a5724BFDe9164,vesting,0x2aA9ADb88efa160A1987DBbf42B916aB83983751
12D3KooWCzb4Na4K2ZcKkdWZ7VN5kocuT1BMQ41CiB3DyJxjYJJr,2201,0x920848e15407e7d1a88B5E16506a5724BFDe9164,vesting,0x2aA9ADb88efa160A1987DBbf42B916aB83983751
12D3KooWQmEFPcpSPJeGQqxXwsHV5nqzwmTszELvH8qdJL2ZU6kt,904,0xC99B581a508e8ae499671B4fa1d43E96B127094f,vesting,0x51FF35792Ec01fEA7048A295Ea68A3156d92b629
12D3KooWAG2LtSJtM59uRqazieNsGjp2trYQCkkn7rPF17ukkh2Z,3990,0xebc625Cee6367CF65b4ba8f8D99eA4BEAf01035f,vesting,0xdADB8013e3764DDd303D9B15A3a7b513e7089744
12D3KooWKpgtqaAkcL4Y4dfCbyfL5eiCrzDn6YuiY3NREA9XrKi2,2178,0x73471B6AB0b62d6918656B467317771C60094937,vesting,0x678d14c7e33f8D699aE3B9C0ca077245969D1942
12D3KooWHAwFyGAuSiqHXZDW4ih7uWrp8aHSeeeGBGBhTSCLimAX,3993,0xebc625Cee6367CF65b4ba8f8D99eA4BEAf01035f,vesting,0xdADB8013e3764DDd303D9B15A3a7b513e7089744
12D3KooWEneZ6WT8tnRD5pGgPeowGNc7TEkGQG4acJZmNisP4jx6,3413,0xec6E0dBf15C8a106471A9163A4848C4e8D06b63D,vesting,0x80c88d21975aB9829181536766d15005444B9aAd
12D3KooWRJ8VXPUqbEuFvHActiJaU6QxX7my8ETPNHgpLk9Po5JK,2264,0x920848e15407e7d1a88B5E16506a5724BFDe9164,vesting,0x2aA9ADb88efa160A1987DBbf42B916aB83983751
12D3KooWSDV2vB3M3jZcrcU3Sy7eACo4HBdGpAt5JmJ8fL9kAwKZ,2240,0x920848e15407e7d1a88B5E16506a5724BFDe9164,vesting,0x2aA9ADb88efa160A1987DBbf42B916aB83983751
12D3KooWKJJsVh8NzKZyWDiZgYKgeENT3XzaKzq2a79VF9w9gSj7,2192,0x920848e15407e7d1a88B5E16506a5724BFDe9164,vesting,0x2aA9ADb88efa160A1987DBbf42B916aB83983751
12D3KooWQcVcQ6oyw4v2qEcLez3xcsu7UqDzHsU1KF4KtcTBjPqy,422,0xB35728D533Ea887862b9Ed00cfe2B7F3D36A4e71,vesting,0xA205c6e35e0814B0A602b016B539E819807f27F3
12D3KooW9ydNHWmkmGCPSxsrarW9tLHUCenUSeEk4SWNzLXKWGHs,4277,0x5CF5A099A9089b31689B16cd83d06b6ce154c41b,eoa,0x5CF5A099A9089b31689B16cd83d06b6ce154c41b
12D3KooWNWGCnLP45WPYPgtn7k6GWfy7un7nXid2F2u3QEkUARAp,4344,0x5CF5A099A9089b31689B16cd83d06b6ce154c41b,eoa,0x5CF5A099A9089b31689B16cd83d06b6ce154c41b
12D3KooWCXK5L6gdAgMBXhRHnS84wanZQoZG1Uw6B2VXCCSpANPj,4338,0x5CF5A099A9089b31689B16cd83d06b6ce154c41b,eoa,0x5CF5A099A9089b31689B16cd83d06b6ce154c41b
12D3KooWLisanPt46DVxo4KFvVCWSbTjJxCczBYn4p5uayZP2NGU,2207,0x920848e15407e7d1a88B5E16506a5724BFDe9164,vesting,0x2aA9ADb88efa160A1987DBbf42B916aB83983751
12D3KooWFuhk6vtSPqa1YSboJ28jmiCUNCSs8QBksDykXud8r6qA,3997,0xebc625Cee6367CF65b4ba8f8D99eA4BEAf01035f,vesting,0xdADB8013e3764DDd303D9B15A3a7b513e7089744
12D3KooWHG6S4Qb3SLqxyxkRwmukrMMFVJJpyqFi1VYCBpLrZBFV,4363,0x5CF5A099A9089b31689B16cd83d06b6ce154c41b,eoa,0x5CF5A099A9089b31689B16cd83d06b6ce154c41b
12D3KooWKJxz9vAsCsyytDFypVcy3dqsQ4gQ4hhKU1KGNpi6ZGro,2194,0x920848e15407e7d1a88B5E16506a5724BFDe9164,vesting,0x2aA9ADb88efa160A1987DBbf42B916aB83983751
12D3KooWHuXGyjZiUp4xTKdsCzRmtyp4cJCcJnWRwDg3BR4Y8wcF,3959,0xebc625Cee6367CF65b4ba8f8D99eA4BEAf01035f,vesting,0xdADB8013e3764DDd303D9B15A3a7b513e7089744
12D3KooWACeQb5LHZMoEEz7kMS2abvzkhGPWfoU8Yi1sut6kjyMZ,944,0xC99B581a508e8ae499671B4fa1d43E96B127094f,vesting,0x51FF35792Ec01fEA7048A295Ea68A3156d92b629
12D3KooWKptPkU8xJkFQiBFasWjirDLc2nAs3J7NECPhXjcgSv7v,4358,0x5CF5A099A9089b31689B16cd83d06b6ce154c41b,eoa,0x5CF5A099A9089b31689B16cd83d06b6ce154c41b
12D3KooWS5Q2DM2rRMqc6zdcbcM3Bo9D6pJTfdR3MCkDZRxuTaSS,717,0xB35728D533Ea887862b9Ed00cfe2B7F3D36A4e71,vesting,0xA205c6e35e0814B0A602b016B539E819807f27F3
12D3KooWPCpwkAynqx2eb43BeYSs7S6kyqLa7neS3221HVnHjLqr,4493,0x43d6A791c7db5C4dc2535a648FB25307FbD8478f,eoa,0x43d6A791c7db5C4dc2535a648FB25307FbD8478f
12D3KooWQtqRcMpCoA8w11dKfsRVHAqDKsUfaTY3LYxBzAy2shrC,2142,0x73471B6AB0b62d6918656B467317771C60094937,vesting,0x678d14c7e33f8D699aE3B9C0ca077245969D1942
12D3KooWDvofr9EmuNib9Hf4db2hR5KrSwtnApS3ZjQwmrV3mk8h,319,0xB35728D533Ea887862b9Ed00cfe2B7F3D36A4e71,vesting,0xA205c6e35e0814B0A602b016B539E819807f27F3
12D3KooWBxabP5QgttwnoQnEk674g12NqVyoisY2RzBGNZ2ZsDWk,1752,0xec6E0dBf15C8a106471A9163A4848C4e8D06b63D,vesting,0x80c88d21975aB9829181536766d15005444B9aAd
12D3KooWAWXmLJ7W84L2odRhy4r6H4SEzEWAMRForX1NHDuFxZth,4291,0x5CF5A099A9089b31689B16cd83d06b6ce154c41b,eoa,0x5CF5A099A9089b31689B16cd83d06b6ce154c41b
12D3KooWDiRRGL556KRJ8Paigtr3e2CCrC57dgRBYraTgfu3F7sg,2147,0x73471B6AB0b62d6918656B467317771C60094937,vesting,0x678d14c7e33f8D699aE3B9C0ca077245969D1942
12D3KooWGkpyX6tUdBg2K2YT3qUNdopnt13kpa2DJ1YRDjxjdBtx,414,0xB35728D533Ea887862b9Ed00cfe2B7F3D36A4e71,vesting,0xA205c6e35e0814B0A602b016B539E819807f27F3
12D3KooWMnUCydMvhE7zPhtF1m8ZkNZgZRNbapYW4bWJKEvVS64h,3981,0xebc625Cee6367CF65b4ba8f8D99eA4BEAf01035f,vesting,0xdADB8013e3764DDd303D9B15A3a7b513e7089744
12D3KooWNmQgXDcedmzn945M5kxKgYY5GCgwNw7mfwDCjgahNvDM,4148,0x5CF5A099A9089b31689B16cd83d06b6ce154c41b,eoa,0x5CF5A099A9089b31689B16cd83d06b6ce154c41b
12D3KooWScaa4mGE93mPEwawZuhhURqxFzQEibqnZBiYjtyakh1b,2090,0x73471B6AB0b62d6918656B467317771C60094937,vesting,0x678d14c7e33f8D699aE3B9C0ca077245969D1942
12D3KooWFsQF3h48GmCrHJKdyHhGrwcyukMBS6bmp6ARXUWLPiey,2294,0x920848e15407e7d1a88B5E16506a5724BFDe9164,vesting,0x2aA9ADb88efa160A1987DBbf42B916aB83983751
12D3KooWP3y96QBw9eYwBUKyHik7QkEEUAawGLYEq3QM6nEggxwi,4495,0x43d6A791c7db5C4dc2535a648FB25307FbD8478f,eoa,0x43d6A791c7db5C4dc2535a648FB25307FbD8478f
12D3KooWEFD9qntRynhQLhtkEb17qNd9tidHfgKG2Shx2yF6hWeC,3408,0xec6E0dBf15C8a106471A9163A4848C4e8D06b63D,vesting,0x80c88d21975aB9829181536766d15005444B9aAd
12D3KooWRVR92omdCLkyyoRdm1ozpdv125si64JXE2iCtxBjKWw6,3988,0xebc625Cee6367CF65b4ba8f8D99eA4BEAf01035f,vesting,0xdADB8013e3764DDd303D9B15A3a7b513e7089744
12D3KooWA6kfeRihF88fkPfvHbAJnzt6raugJoCtUPG8wnDKCL51,3989,0xebc625Cee6367CF65b4ba8f8D99eA4BEAf01035f,vesting,0xdADB8013e3764DDd303D9B15A3a7b513e7089744
12D3KooWRuonTqjdh6RSKYH25kAUccHEQ2CQ3yesU9fmzxvZ63CT,4258,0x5CF5A099A9089b31689B16cd83d06b6ce154c41b,eoa,0x5CF5A099A9089b31689B16cd83d06b6ce154c41b
12D3KooWCKGgMnMrdUJ8sDP2uyiwwvxPhY6EqYw5gTrV4pRsfbRF,701,0xB35728D533Ea887862b9Ed00cfe2B7F3D36A4e71,vesting,0xA205c6e35e0814B0A602b016B539E819807f27F3
12D3KooWStfHFqUvDbd78c8zD82wxmxJGLTKxRp48JTakABhEqsm,811,0xC99B581a508e8ae499671B4fa1d43E96B127094f,vesting,0x51FF35792Ec01fEA7048A295Ea68A3156d92b629
12D3KooWH5z7bY21LDuoiDAscN8jMYJqRH4eFcmVCmmW6bnVakGx,3994,0xebc625Cee6367CF65b4ba8f8D99eA4BEAf01035f,vesting,0xdADB8013e3764DDd303D9B15A3a7b513e7089744
12D3KooWK3GT8WdHcWuVBcYR46SjY9S47jfwauf4kBTQHJcr9PhQ,3394,0xec6E0dBf15C8a106471A9163A4848C4e8D06b63D,vesting,0x80c88d21975aB9829181536766d15005444B9aAd
12D3KooWQvje2TdX8VAJ7MRzUqhF3znCLPFdKfeEUNXt3KJNZpf7,2187,0x920848e15407e7d1a88B5E16506a5724BFDe9164,vesting,0x2aA9ADb88efa160A1987DBbf42B916aB83983751
12D3KooWAW1CDRu7XEyX5PmFpF28naXW7EsU5N4G2Njw3d6mSMQs,4348,0x5CF5A099A9089b31689B16cd83d06b6ce154c41b,eoa,0x5CF5A099A9089b31689B16cd83d06b6ce154c41b
12D3KooWGSWjTF5jCkH86HQeYUmy4UpCRVZrCXNbigSTjV14AVjK,2259,0x920848e15407e7d1a88B5E16506a5724BFDe9164,vesting,0x2aA9ADb88efa160A1987DBbf42B916aB83983751
12D3KooWCg9Bs8S7jDybiw8xhRYYRo85UqHJyWEUQZ5QqWheEFcm,746,0xB35728D533Ea887862b9Ed00cfe2B7F3D36A4e71,vesting,0xA205c6e35e0814B0A602b016B539E819807f27F3
12D3KooWQrRBo755ws5NxxkeU1GLdq2MMy2Q9cNkNocxA748XF3F,3957,0xebc625Cee6367CF65b4ba8f8D99eA4BEAf01035f,vesting,0xdADB8013e3764DDd303D9B15A3a7b513e7089744
12D3KooWHYEgy1oq7qRLw3CVhm73hjbj6RNcgAJsTeGtVtfDjHJJ,3967,0xebc625Cee6367CF65b4ba8f8D99eA4BEAf01035f,vesting,0xdADB8013e3764DDd303D9B15A3a7b513e7089744
12D3KooWP3BRnHDpkANNxGqJ1jLKsgsCJP8sjL54bgKHfLf3yQz5,4347,0x5CF5A099A9089b31689B16cd83d06b6ce154c41b,eoa,0x5CF5A099A9089b31689B16cd83d06b6ce154c41b
12D3KooWAcqZPFZ8DZQDa2ou8QUFJUU41qWKTZJeyy8HE416so9E,322,0xB35728D533Ea887862b9Ed00cfe2B7F3D36A4e71,vesting,0xA205c6e35e0814B0A602b016B539E819807f27F3
12D3KooWKw5zYw2mRT4sC3ts8JJmtgADredirXTG1mgmUvZVvMuo,2183,0x73471B6AB0b62d6918656B467317771C60094937,vesting,0x678d14c7e33f8D699aE3B9C0ca077245969D1942
12D3KooWEGMbNePhUrZTLLBM67R4L6ciQQeUsB7LJsZQ5PVo4Urx,458,0xB35728D533Ea887862b9Ed00cfe2B7F3D36A4e71,vesting,0xA205c6e35e0814B0A602b016B539E819807f27F3
12D3KooWLRwPNF46vfo3AmjLzeCbfCmpAQkhXeYtHx2Hwg1TrQni,4431,0x43d6A791c7db5C4dc2535a648FB25307FbD8478f,eoa,0x43d6A791c7db5C4dc2535a648FB25307FbD8478f
12D3KooWAWKXwwrchqAg9XUw6hdbzQ1HeZj3nQ4d4joEXeFHyzMS,2141,0x73471B6AB0b62d6918656B467317771C60094937,vesting,0x678d14c7e33f8D699aE3B9C0ca077245969D1942
12D3KooWRfm4jcDpuCBa593yYzjgJsZSXbRBLYJU2MCMfW2J6Dvs,4305,0x5CF5A099A9089b31689B16cd83d06b6ce154c41b,eoa,0x5CF5A099A9089b31689B16cd83d06b6ce154c41b
12D3KooWPqfBXcUKAb6pSp2S4NAoYEnX85XRxZtuhAm8rFz57QQg,4479,0x43d6A791c7db5C4dc2535a648FB25307FbD8478f,eoa,0x43d6A791c7db5C4dc2535a648FB25307FbD8478f
12D3KooWKXAKVXTGU3pBiNpADgQimXf3p3BSGiooCNjQHQ1JtytW,4275,0x5CF5A099A9089b31689B16cd83d06b6ce154c41b,eoa,0x5CF5A099A9089b31689B16cd83d06b6ce154c41b
12D3KooWQhaf3MhoNddDnzycYPEk8vE1q3AbXhgTKnjtFh3uHNJa,808,0xB35728D533Ea887862b9Ed00cfe2B7F3D36A4e71,vesting,0xA205c6e35e0814B0A602b016B539E819807f27F3
12D3KooWQYSXUrP2znLLZxnUudMjwYGjzs78XEYFY2ZBFtstf8JA,4313,0x5CF5A099A9089b31689B16cd83d06b6ce154c41b,eoa,0x5CF5A099A9089b31689B16cd83d06b6ce154c41b
12D3KooWMFj7wfq41xLHBjAZW12AHG7u5HwiQJ6fGHv8cGKGuNVU,4446,0x43d6A791c7db5C4dc2535a648FB25307FbD8478f,eoa,0x43d6A791c7db5C4dc2535a648FB25307FbD8478f
12D3KooWEdWbJLW9whTnrRrrFa4u1t4bqkff8Zjcu6sWVvwLqaqQ,935,0xC99B581a508e8ae499671B4fa1d43E96B127094f,vesting,0x51FF35792Ec01fEA7048A295Ea68A3156d92b629
12D3KooWP3J2ojeyQahHDep125UCwgyZegQF6YuKbrBxsSPHPPqQ,3410,0xec6E0dBf15C8a106471A9163A4848C4e8D06b63D,vesting,0x80c88d21975aB9829181536766d15005444B9aAd
12D3KooWSioj19rc22Ny5fekqySYxwvctbty2YDAiqKVffgYvxMJ,4361,0x5CF5A099A9089b31689B16cd83d06b6ce154c41b,eoa,0x5CF5A099A9089b31689B16cd83d06b6ce154c41b
12D3KooWLRkJ3CDvL3p5tpU9GJGrPdChXJyN4TNXWE6BixVMsK9n,3975,0xebc625Cee6367CF65b4ba8f8D99eA4BEAf01035f,vesting,0xdADB8013e3764DDd303D9B15A3a7b513e7089744
12D3KooWDd4JEjmtPVgFC1wvbn8wpwpVeRbUjrrfmNH46xGgYc5o,4387,0x5CF5A099A9089b31689B16cd83d06b6ce154c41b,eoa,0x5CF5A099A9089b31689B16cd83d06b6ce154c41b
12D3KooWG5xS92MLCrEedXiEeaacKMPuqDE4zUftpi8QYurMVTSd,4447,0x43d6A791c7db5C4dc2535a648FB25307FbD8478f,eoa,0x43d6A791c7db5C4dc2535a648FB25307FbD8478f
12D3KooW9zpcSpzUoCxv4zYsuXj8gUktAQVk6ytSUArae5udv9s9,4296,0x5CF5A099A9089b31689B16cd83d06b6ce154c41b,eoa,0x5CF5A099A9089b31689B16cd83d06b6ce154c41b
12D3KooWBnPkzYk7MSAtRxCWKsQtou42NXsCCBg8c4Ch2sWoi5fp,2250,0x920848e15407e7d1a88B5E16506a5724BFDe9164,vesting,0x2aA9ADb88efa160A1987DBbf42B916aB83983751
12D3KooWNbLPTAM3bhMziV8KEACKGKHRQe4b6F2XTNVwCdPJokqb,309,0xB35728D533Ea887862b9Ed00cfe2B7F3D36A4e71,vesting,0xA205c6e35e0814B0A602b016B539E819807f27F3
12D3KooWAxfZuCRiHAT1sJfHDuKEXxRprtWYEzvzEyr2hQj7yBFG,1768,0xec6E0dBf15C8a106471A9163A4848C4e8D06b63D,vesting,0x80c88d21975aB9829181536766d15005444B9aAd
12D3KooWHq2uHbCGxntEigQM75ZiWHyuV242NoucLaUoiLixEdG9,4273,0x5CF5A099A9089b31689B16cd83d06b6ce154c41b,eoa,0x5CF5A099A9089b31689B16cd83d06b6ce154c41b
12D3KooWEKoykJfK3YRFjG1jeXcQitD4H8ED2x9jdFer5ackHo1Y,4278,0x5CF5A099A9089b31689B16cd83d06b6ce154c41b,eoa,0x5CF5A099A9089b31689B16cd83d06b6ce154c41b
12D3KooWPVb5SrC35EZxYDtBn1Ve7Wrg8wu1PwnJqNn6gVpzBBiv,2095,0x73471B6AB0b62d6918656B467317771C60094937,vesting,0x678d14c7e33f8D699aE3B9C0ca077245969D1942
12D3KooWG3FvasuCFiPhrBWKnkRHZgPFBKrzNX2Z9P7BuriLKdHF,4452,0x43d6A791c7db5C4dc2535a648FB25307FbD8478f,eoa,0x43d6A791c7db5C4dc2535a648FB25307FbD8478f
12D3KooWQB3GLUMt22YApen4GhhyVRRPsCNV3RMrAMDmzGYWmpK6,4257,0x5CF5A099A9089b31689B16cd83d06b6ce154c41b,eoa,0x5CF5A099A9089b31689B16cd83d06b6ce154c41b
12D3KooWCvc7bg51tAAiL1x4X5LPqSsCamtKSST45q9BhgqUnYn1,517,0xB35728D533Ea887862b9Ed00cfe2B7F3D36A4e71,vesting,0xA205c6e35e0814B0A602b016B539E819807f27F3
12D3KooWN7dxkNuVsBuXtzEh2wdRYh8z3BM5JewLmG1NiJN4CwCR,3420,0xcd65B8BeeE22C8D1De6653A47e928d387e037aD3,eoa,0xcd65B8BeeE22C8D1De6653A47e928d387e037aD3
12D3KooWD8L7LvskLDbC5iaboTs7Djsdd14tDGqHxBAEUajkvjgo,2215,0x920848e15407e7d1a88B5E16506a5724BFDe9164,vesting,0x2aA9ADb88efa160A1987DBbf42B916aB83983751
12D3KooWSwzJEnLCHNm2WEZHogSBKzWaX2ivQ8KtNsStxaBN5Nur,2244,0x920848e15407e7d1a88B5E16506a5724BFDe9164,vesting,0x2aA9ADb88efa160A1987DBbf42B916aB83983751
12D3KooWHRAXuiXbSCo4eLuhMKMoHZZq9gjRyu5btNVNB95pjjRc,710,0xB35728D533Ea887862b9Ed00cfe2B7F3D36A4e71,vesting,0xA205c6e35e0814B0A602b016B539E819807f27F3
12D3KooWNPs1ryn5KZqVj9V1HTFhU4UyvHuJUagffnMDzzZvPJJK,2292,0x920848e15407e7d1a88B5E16506a5724BFDe9164,vesting,0x2aA9ADb88efa160A1987DBbf42B916aB83983751
12D3KooWGzbQfdVcbGgRDF9dqviBo79g8PEo2cstrYMaLffQPpxa,4283,0x5CF5A099A9089b31689B16cd83d06b6ce154c41b,eoa,0x5CF5A099A9089b31689B16cd83d06b6ce154c41b
12D3KooWK8fBXMew2AAXJUadgrUxCWJeq36XoC4pkWkJwfe95wcC,4396,0x5CF5A099A9089b31689B16cd83d06b6ce154c41b,eoa,0x5CF5A099A9089b31689B16cd83d06b6ce154c41b
12D3KooWAuzVs1YHjEinCQxUb6WiDJiN53P3c3AFBchivbkQjanM,2174,0x73471B6AB0b62d6918656B467317771C60094937,vesting,0x678d14c7e33f8D699aE3B9C0ca077245969D1942
12D3KooWLAFaeZnRzEibhbW8DTsNZtru83ZhvcGEo6dBsCAcTHDF,412,0xB35728D533Ea887862b9Ed00cfe2B7F3D36A4e71,vesting,0xA205c6e35e0814B0A602b016B539E819807f27F3
12D3KooWHDNKTJ5Ti28FMWiNLWZFTurrzJNKMfHv5Yp4nScg4qLu,1767,0xec6E0dBf15C8a106471A9163A4848C4e8D06b63D,vesting,0x80c88d21975aB9829181536766d15005444B9aAd
12D3KooWLArLP61EzfvkKk8f5bKFcjvP87Uwi3BSbHtpQhQXdzW2,2180,0x73471B6AB0b62d6918656B467317771C60094937,vesting,0x678d14c7e33f8D699aE3B9C0ca077245969D1942
12D3KooWEtYYZWX62bkJGgtF71umKrdLF5mzD49EztVARTRY1cUg,1791,0xec6E0dBf15C8a106471A9163A4848C4e8D06b63D,vesting,0x80c88d21975aB9829181536766d15005444B9aAd
12D3KooWK7evUCvcpsGKdeMDGDDALVHiGQezf52KxrFHwUusq43c,1718,0xec6E0dBf15C8a106471A9163A4848C4e8D06b63D,vesting,0x80c88d21975aB9829181536766d15005444B9aAd
12D3KooWHTqF9aRaDyDGynXs1pp5HZYkCFTTCD8Y4DVi33vmFqtf,428,0xB35728D533Ea887862b9Ed00cfe2B7F3D36A4e71,vesting,0xA205c6e35e0814B0A602b016B539E819807f27F3
12D3KooWN5g8s21gRjhgUyJPBD9mrRmvmkmu7vCXhHVvajFCsRgR,1723,0xec6E0dBf15C8a106471A9163A4848C4e8D06b63D,vesting,0x80c88d21975aB9829181536766d15005444B9aAd
12D3KooWK5fpTZvpoBKygqLzB2ytUFsD3GmfVHDkxdDnUyygScfH,392,0xB35728D533Ea887862b9Ed00cfe2B7F3D36A4e71,vesting,0xA205c6e35e0814B0A602b016B539E819807f27F3
12D3KooWM2tFqBQwijWUCoYkCAsf1zMSKVbXj5uTbGXwSAzGunhc,4385,0x5CF5A099A9089b31689B16cd83d06b6ce154c41b,eoa,0x5CF5A099A9089b31689B16cd83d06b6ce154c41b
12D3KooWBXzzn4EEcc28C3voirVRdm9pFD3jKWF3SrWVt89p29uT,324,0xB35728D533Ea887862b9Ed00cfe2B7F3D36A4e71,vesting,0xA205c6e35e0814B0A602b016B539E819807f27F3
12D3KooWNGcRTaTdgSYR1UWbq6xyeBKyZVMgJmqPzzapetCKy69F,2091,0x73471B6AB0b62d6918656B467317771C60094937,vesting,0x678d14c7e33f8D699aE3B9C0ca077245969D1942
12D3KooWKV1L4rEaZMMmKDZwKqbSREJjXnJtNbEPQkok8x1xe72V,1729,0xec6E0dBf15C8a106471A9163A4848C4e8D06b63D,vesting,0x80c88d21975aB9829181536766d15005444B9aAd
12D3KooWFKuosW4UH3xFa6KwnU7JSG2Q689zQ9UQm8zDLFocs16n,1711,0xec6E0dBf15C8a106471A9163A4848C4e8D06b63D,vesting,0x80c88d21975aB9829181536766d15005444B9aAd
12D3KooWMMHTTt3buYrsqCtiG2s5bqnFVs4g5Jbt8EJ1RKvAnf79,3977,0xebc625Cee6367CF65b4ba8f8D99eA4BEAf01035f,vesting,0xdADB8013e3764DDd303D9B15A3a7b513e7089744
12D3KooWHWdoXSVw9WQw7GyZHmdXAjHN8LLx7XjEF7urbXBG4miU,2182,0x73471B6AB0b62d6918656B467317771C60094937,vesting,0x678d14c7e33f8D699aE3B9C0ca077245969D1942
12D3KooWP3otcGmeAX8FwebuJopdsqURtw8omtmZ5KniMKTnAx5T,1774,0xec6E0dBf15C8a106471A9163A4848C4e8D06b63D,vesting,0x80c88d21975aB9829181536766d15005444B9aAd
12D3KooWPMSVuuR2m1jQZmLjHHkB65Z6vi5uPnKv1gTaz5r9CvHn,1722,0xec6E0dBf15C8a106471A9163A4848C4e8D06b63D,vesting,0x80c88d21975aB9829181536766d15005444B9aAd
12D3KooWKTffSuUJNFFtWzAYimMA7cAihdwgGwKoucLJjZPqzhZV,3996,0xebc625Cee6367CF65b4ba8f8D99eA4BEAf01035f,vesting,0xdADB8013e3764DDd303D9B15A3a7b513e7089744
12D3KooWJ4MNVUMPZq2fKvbv7ZTYrX2uU5rAcu7HcDN58eZqqrgm,467,0xB35728D533Ea887862b9Ed00cfe2B7F3D36A4e71,vesting,0xA205c6e35e0814B0A602b016B539E819807f27F3
12D3KooWMJpiXnKeJNupYqYbc315enga6C9ETXKeAxRuWL23kZvL,293,0xB35728D533Ea887862b9Ed00cfe2B7F3D36A4e71,vesting,0xA205c6e35e0814B0A602b016B539E819807f27F3
12D3KooWKh8Sv9ZE4sQSoqHFspRE3xGVM7fudi9HpHayfKkZd7Sx,4228,0x5CF5A099A9089b31689B16cd83d06b6ce154c41b,eoa,0x5CF5A099A9089b31689B16cd83d06b6ce154c41b
12D3KooWKL3YFuPHezVJZkJABVdLBMSBrPGzfhZYEPq7LmJKSuB6,1775,0xec6E0dBf15C8a106471A9163A4848C4e8D06b63D,vesting,0x80c88d21975aB9829181536766d15005444B9aAd
12D3KooWHKmQfNePJi6HiqA4JmJwnY7Ea5BrFPRRgaABQjmGi8oT,3973,0xebc625Cee6367CF65b4ba8f8D99eA4BEAf01035f,vesting,0xdADB8013e3764DDd303D9B15A3a7b513e7089744
12D3KooWKKxKEX3mhN7dTmhDKporeXL6cpFnvAtNRV9FPVGEYD7b,2125,0x73471B6AB0b62d6918656B467317771C60094937,vesting,0x678d14c7e33f8D699aE3B9C0ca077245969D1942
12D3KooWB5vV8As4ZZtZNM7r7qy1pGku8nVRPtUHgVGcb1SeYniX,2287,0x920848e15407e7d1a88B5E16506a5724BFDe9164,vesting,0x2aA9ADb88efa160A1987DBbf42B916aB83983751
12D3KooWMrfYWu16gpfBxyGuDHXMSzh8Cz3ShzN74uG1ra8Ffk9d,1787,0xec6E0dBf15C8a106471A9163A4848C4e8D06b63D,vesting,0x80c88d21975aB9829181536766d15005444B9aAd
12D3KooWExsCDZ28fDj8dGo2How3Y8MpqZ3YHfje7LMUWL4FkNDE,2124,0x73471B6AB0b62d6918656B467317771C60094937,vesting,0x678d14c7e33f8D699aE3B9C0ca077245969D1942
12D3KooWGYNVDtG1nkb8gosQNVYLgfDeQiXYwxya3RefoPhLuesj,312,0xB35728D533Ea887862b9Ed00cfe2B7F3D36A4e71,vesting,0xA205c6e35e0814B0A602b016B539E819807f27F3
12D3KooWEQ8jiR5va5j4AUZYD51DmmthbBNN4pCtGKuANoAHE2n6,413,0xB35728D533Ea887862b9Ed00cfe2B7F3D36A4e71,vesting,0xA205c6e35e0814B0A602b016B539E819807f27F3
12D3KooWPFrjrpiRphaHqEc4JHGx3Na2xKKijLByWDQxdxa6q8xt,2159,0x73471B6AB0b62d6918656B467317771C60094937,vesting,0x678d14c7e33f8D699aE3B9C0ca077245969D1942
12D3KooWM5baTX6Zqxj3PduzdKKM7RxEFaEqqdWFnVBcdioFcchk,2269,0x920848e15407e7d1a88B5E16506a5724BFDe9164,vesting,0x2aA9ADb88efa160A1987DBbf42B916aB83983751
12D3KooWPGJzXvcf2YZqfJjTopqoNp66YjVfVbtGtwBvbwG9dD1B,3972,0xebc625Cee6367CF65b4ba8f8D99eA4BEAf01035f,vesting,0xdADB8013e3764DDd303D9B15A3a7b513e7089744
12D3KooWFubkMvhwjiMcq3HXfkLnRFoSQZ15TvCjszQRepD9Fgtr,4321,0x5CF5A099A9089b31689B16cd83d06b6ce154c41b,eoa,0x5CF5A099A9089b31689B16cd83d06b6ce154c41b
12D3KooWM4upEq3Bjj8Ko89ZMMapzbNDSqDL7ugeambpbvPyHN6Q,2130,0x73471B6AB0b62d6918656B467317771C60094937,vesting,0x678d14c7e33f8D699aE3B9C0ca077245969D1942
12D3KooWBnk9TNRHB7MJ5nf6UeXogF7oKSrHeYuhmrz2wcFeQPRH,4423,0x5CF5A099A9089b31689B16cd83d06b6ce154c41b,eoa,0x5CF5A099A9089b31689B16cd83d06b6ce154c41b
12D3KooWAZLEhvasgWtqqztGgfZbioM24vp74s5v4GmWxuUjqm3z,2100,0x73471B6AB0b62d6918656B467317771C60094937,vesting,0x678d14c7e33f8D699aE3B9C0ca077245969D1942
12D3KooWH7ST7U3g9bvy6J2LsMA2oUsEki2Cho2s4t6TwWxnPNN9,2226,0x920848e15407e7d1a88B5E16506a5724BFDe9164,vesting,0x2aA9ADb88efa160A1987DBbf42B916aB83983751
12D3KooWPB3yuBxUtXN5Mfx1QqZoSPoBuG4YrTE5vkQE92U4sVeQ,4324,0x5CF5A099A9089b31689B16cd83d06b6ce154c41b,eoa,0x5CF5A099A9089b31689B16cd83d06b6ce154c41b
12D3KooWSPxc9a7HBE5HqsNQcXdriizPeXSu4KXEyKRJKA7nh834,4315,0x5CF5A099A9089b31689B16cd83d06b6ce154c41b,eoa,0x5CF5A099A9089b31689B16cd83d06b6ce154c41b
12D3KooWM8Qmbie8KZKR3kokghXKqdQ5tHiwrAVEzmRPSaCUvEBk,2220,0x920848e15407e7d1a88B5E16506a5724BFDe9164,vesting,0x2aA9ADb88efa160A1987DBbf42B916aB83983751
12D3KooWPnouHU6MDKmCYrvVUgM3DzqHdL1esQoDsVNrH4gNgvTS,1158,0xB35728D533Ea887862b9Ed00cfe2B7F3D36A4e71,vesting,0xA205c6e35e0814B0A602b016B539E819807f27F3
12D3KooWPkkpx9KfXqH9b1GqKLLFmEGC8UqVdeVvEryehgCV8gWQ,389,0xB35728D533Ea887862b9Ed00cfe2B7F3D36A4e71,vesting,0xA205c6e35e0814B0A602b016B539E819807f27F3
12D3KooWQMBb8RF5dHyBRqHUmuHk35CVShg5Y5A2xesPpCx5e4Wy,2098,0x73471B6AB0b62d6918656B467317771C60094937,vesting,0x678d14c7e33f8D699aE3B9C0ca077245969D1942
12D3KooWJYjsXWRvGjsgiD5G5cVJgfZnMdbGfTuATbJn525YE9N7,2281,0x920848e15407e7d1a88B5E16506a5724BFDe9164,vesting,0x2aA9ADb88efa160A1987DBbf42B916aB83983751
12D3KooWRQn9JBcdWUkrFTo5eqomCdxQJaaQhzDbfTEs4jiQaRLJ,3991,0xebc625Cee6367CF65b4ba8f8D99eA4BEAf01035f,vesting,0xdADB8013e3764DDd303D9B15A3a7b513e7089744
12D3KooWMtdAJXNDKtKrmQnG9HT1QtE2sYgomzs5zCfNtBQy9PFb,3960,0xebc625Cee6367CF65b4ba8f8D99eA4BEAf01035f,vesting,0xdADB8013e3764DDd303D9B15A3a7b513e7089744
12D3KooWHMsRHMB4bRHCUyEYkpH6DNr5YyujkLunALBH2oUu8VQC,3982,0xebc625Cee6367CF65b4ba8f8D99eA4BEAf01035f,vesting,0xdADB8013e3764DDd303D9B15A3a7b513e7089744
12D3KooWMcRrwNvTsk2y4KUdUKZNZ3kC7sbhmxkKWtheqwq1w45G,2154,0x73471B6AB0b62d6918656B467317771C60094937,vesting,0x678d14c7e33f8D699aE3B9C0ca077245969D1942
12D3KooWMf5CAHyNTPEqLsmWi3rVHxiuvA26wSKAmY3JNeScipcj,2110,0x73471B6AB0b62d6918656B467317771C60094937,vesting,0x678d14c7e33f8D699aE3B9C0ca077245969D1942
12D3KooWR2UuEc81gNiFbXChVBgANbumo5zGyG7MenRWdp2aEBPk,4433,0x43d6A791c7db5C4dc2535a648FB25307FbD8478f,eoa,0x43d6A791c7db5C4dc2535a648FB25307FbD8478f
12D3KooWB5NsBPftG9uBtQYkjUzPG9BeHGaYeaqbjpsssSKcgzmR,3986,0xebc625Cee6367CF65b4ba8f8D99eA4BEAf01035f,vesting,0xdADB8013e3764DDd303D9B15A3a7b513e7089744
12D3KooWFexGk81suq6ECQLqQyYVkGcTP3oyphjfFJRgyq5mcxwu,912,0xC99B581a508e8ae499671B4fa1d43E96B127094f,vesting,0x51FF35792Ec01fEA7048A295Ea68A3156d92b629
12D3KooWSXo5mMu4bfapY4prtwye8EX1Rxs3V1AFbZs7Ve486aBy,460,0xB35728D533Ea887862b9Ed00cfe2B7F3D36A4e71,vesting,0xA205c6e35e0814B0A602b016B539E819807f27F3
12D3KooWMWBAspK1EkkyYX6QWK29qBBGCs63zK23gCdaLVuHtara,4463,0x43d6A791c7db5C4dc2535a648FB25307FbD8478f,eoa,0x43d6A791c7db5C4dc2535a648FB25307FbD8478f
12D3KooWSQwCaEn858PdBHdjfD4NJrJfx8YSjb8xZP5oym3HD7GE,4492,0x43d6A791c7db5C4dc2535a648FB25307FbD8478f,eoa,0x43d6A791c7db5C4dc2535a648FB25307FbD8478f
12D3KooWD8tcTFt6qBus1n9S1RY8bt54pVvrRXrpBhsAjp3Unpn3,1707,0xec6E0dBf15C8a106471A9163A4848C4e8D06b63D,vesting,0x80c88d21975aB9829181536766d15005444B9aAd
12D3KooWLC3o5MaQjwLz4HdAspaXk6ntcnGpCiTX9yK71DVfxCZk,2179,0x73471B6AB0b62d6918656B467317771C60094937,vesting,0x678d14c7e33f8D699aE3B9C0ca077245969D1942
12D3KooWRC34tEahREFUY6LtG2UNYRH2FCuNAvP9BZH2XuJMwfVw,4314,0x5CF5A099A9089b31689B16cd83d06b6ce154c41b,eoa,0x5CF5A099A9089b31689B16cd83d06b6ce154c41b
12D3KooWP4z3nJdNtDfHx9raWneyrLPQnkJvB4wp6PxRiN9R2YV9,915,0xC99B581a508e8ae499671B4fa1d43E96B127094f,vesting,0x51FF35792Ec01fEA7048A295Ea68A3156d92b629
12D3KooW9pZkTg6Zt5G3wMFCppkhem66HHUcCDjwqsjwiBHcPk8x,4165,0x5CF5A099A9089b31689B16cd83d06b6ce154c41b,eoa,0x5CF5A099A9089b31689B16cd83d06b6ce154c41b
12D3KooWF87bsbrK8hUZHxFfDiHcEDxiQR8aoKhaHt6YB1szHgt7,2239,0x920848e15407e7d1a88B5E16506a5724BFDe9164,vesting,0x2aA9ADb88efa160A1987DBbf42B916aB83983751
12D3KooWNsLScjm1FPmS9majwFruyB7pCbP9PXMj1Py6E9BAFmX8,2234,0x920848e15407e7d1a88B5E16506a5724BFDe9164,vesting,0x2aA9ADb88efa160A1987DBbf42B916aB83983751
12D3KooWDkxBqSpkGh6WckypYuy8XDV23wAwWaKuUsG4EEBkmoku,4179,0x5CF5A099A9089b31689B16cd83d06b6ce154c41b,eoa,0x5CF5A099A9089b31689B16cd83d06b6ce154c41b
12D3KooWKy5rg57gcVmp3ttY2x3Y3FyragojpGyrGZB2bZyvHJfT,677,0xB35728D533Ea887862b9Ed00cfe2B7F3D36A4e71,vesting,0xA205c6e35e0814B0A602b016B539E819807f27F3
12D3KooWK6xDzZq8UbrYN9tBS9E6mdtiWmV19Qqx3wuxzxt6cgC8,530,0xB35728D533Ea887862b9Ed00cfe2B7F3D36A4e71,vesting,0xA205c6e35e0814B0A602b016B539E819807f27F3
12D3KooWJpukVNhEyHjnnvgjCSRwf3fEQ2jA9LgjNffAvHWSGXTZ,2229,0x920848e15407e7d1a88B5E16506a5724BFDe9164,vesting,0x2aA9ADb88efa160A1987DBbf42B916aB83983751
12D3KooWJTXXjpapfULGPTouFcoa33JyvU18V4AtSQ92wA1muK5M,1805,0xec6E0dBf15C8a106471A9163A4848C4e8D06b63D,vesting,0x80c88d21975aB9829181536766d15005444B9aAd
12D3KooWC23EZmPC72hXnaBx4HWoE8RiGxAKDpGetxnJ8i9UhDsw,310,0xB35728D533Ea887862b9Ed00cfe2B7F3D36A4e71,vesting,0xA205c6e35e0814B0A602b016B539E819807f27F3
12D3KooWPSNFCRNFa43Nj6m5V1DkK1mqfe9aPfiupEVy5ZHmLiAg,816,0xC99B581a508e8ae499671B4fa1d43E96B127094f,vesting,0x51FF35792Ec01fEA7048A295Ea68A3156d92b629
12D3KooWC3cmvPayMkdVDbUW3WgDVcfJ4eHchUqZaHmm7GK4rsJK,3396,0xec6E0dBf15C8a106471A9163A4848C4e8D06b63D,vesting,0x80c88d21975aB9829181536766d15005444B9aAd
12D3KooWBiTQDgMj8jGyczVsJBp2GvpR9bHZd2d79Cq2nesh27qk,2245,0x920848e15407e7d1a88B5E16506a5724BFDe9164,vesting,0x2aA9ADb88efa160A1987DBbf42B916aB83983751
12D3KooWJkjZBEXcfEpU8yavjjNFSk9LQUCCsUx8sGGgaWE7uhzF,2177,0x73471B6AB0b62d6918656B467317771C60094937,vesting,0x678d14c7e33f8D699aE3B9C0ca077245969D1942
12D3KooWNfmg5vgj1bgQ6kYtN3HNV7ZCUs5zJXi1Bf58F5HYxDa7,385,0xB35728D533Ea887862b9Ed00cfe2B7F3D36A4e71,vesting,0xA205c6e35e0814B0A602b016B539E819807f27F3
12D3KooWJEoxEQWmhVD8Y9eL3jmDFx2hZ3vEwEVyHF7wFVhd9zdU,1736,0xec6E0dBf15C8a106471A9163A4848C4e8D06b63D,vesting,0x80c88d21975aB9829181536766d15005444B9aAd
12D3KooWPY3ZAfqNMUAWc98CnxNoCDWYJwEZ6AB8h2yk2SdEHvBW,3950,0xebc625Cee6367CF65b4ba8f8D99eA4BEAf01035f,vesting,0xdADB8013e3764DDd303D9B15A3a7b513e7089744
12D3KooWCXDboMJtsnLKECiq8mV4nVE5YoGxWduaX4oNsAWHmPdK,1710,0xec6E0dBf15C8a106471A9163A4848C4e8D06b63D,vesting,0x80c88d21975aB9829181536766d15005444B9aAd
12D3KooWMeJsCqT8UiPpj52RghHMK73rCxF6A1RYtGx3umCKZKe6,1713,0xec6E0dBf15C8a106471A9163A4848C4e8D06b63D,vesting,0x80c88d21975aB9829181536766d15005444B9aAd
12D3KooWAzxcX7PrZBDW77Jm2TJawMRnqhA4SVtPKt1VubtHP89V,3995,0xebc625Cee6367CF65b4ba8f8D99eA4BEAf01035f,vesting,0xdADB8013e3764DDd303D9B15A3a7b513e7089744
12D3KooWLbpbT6eTkoJNgKSSKZWfkntTwYbRRqcWfFnFgnmgUarL,1728,0xec6E0dBf15C8a106471A9163A4848C4e8D06b63D,vesting,0x80c88d21975aB9829181536766d15005444B9aAd
12D3KooWA3offwZ7XiohoegFgxynExbAb3XNb8VNwUzFDt16LbGq,723,0xB35728D533Ea887862b9Ed00cfe2B7F3D36A4e71,vesting,0xA205c6e35e0814B0A602b016B539E819807f27F3
12D3KooWMj4V7YoNSWWLWUxCkExfr7tCG7ef7y1viZWvkVRr49T4,901,0xC99B581a508e8ae499671B4fa1d43E96B127094f,vesting,0x51FF35792Ec01fEA7048A295Ea68A3156d92b629
12D3KooWCWCAxfefNV8n6u5zJhABZTB6LKTaCLzvpCbKCHWUaDF5,4170,0x5CF5A099A9089b31689B16cd83d06b6ce154c41b,eoa,0x5CF5A099A9089b31689B16cd83d06b6ce154c41b
12D3KooWMvaisCsaiFiEtQmFUTfhwZhVpySfpiDmg9oUeX5sDFBz,680,0xB35728D533Ea887862b9Ed00cfe2B7F3D36A4e71,vesting,0xA205c6e35e0814B0A602b016B539E819807f27F3
12D3KooWF3YwBU1XztJBJtn6ZLo646ahVJYGX2rq7YLzKWvVkGmu,1764,0xec6E0dBf15C8a106471A9163A4848C4e8D06b63D,vesting,0x80c88d21975aB9829181536766d15005444B9aAd
12D3KooWLWc2QdbiRbfwHZpTN1UHdSE7a1vjqhs5gQP9TQB51yA4,3400,0xec6E0dBf15C8a106471A9163A4848C4e8D06b63D,vesting,0x80c88d21975aB9829181536766d15005444B9aAd
12D3KooWKVgpmuZJu95Kcix1TR88wgr8wJobxZRBywWQAV3Dqup5,4488,0x43d6A791c7db5C4dc2535a648FB25307FbD8478f,eoa,0x43d6A791c7db5C4dc2535a648FB25307FbD8478f
12D3KooWDwTyKLXhZ5sBB3R2bfUM6WUeaxCChSfESnBviV8tmAAi,3429,0xcd65B8BeeE22C8D1De6653A47e928d387e037aD3,eoa,0xcd65B8BeeE22C8D1De6653A47e928d387e037aD3
12D3KooWSPofCyoFpgcEUD2AV6AdD2UDmPKiHcRmzxDPofDJu3sN,4462,0x43d6A791c7db5C4dc2535a648FB25307FbD8478f,eoa,0x43d6A791c7db5C4dc2535a648FB25307FbD8478f
12D3KooWA6epNBDNHZt88geLX8vJ8zXtXEjtga2KcUcPDaUt9ZDg,1803,0xec6E0dBf15C8a106471A9163A4848C4e8D06b63D,vesting,0x80c88d21975aB9829181536766d15005444B9aAd
12D3KooWJnGGVvBKhX2gfncxTCFq51482nP4U5hJEQNP5ozKF88F,798,0xB35728D533Ea887862b9Ed00cfe2B7F3D36A4e71,vesting,0xA205c6e35e0814B0A602b016B539E819807f27F3
12D3KooWCG11B3u6CHPPGWvj3xTNLBeXL8UHonoCho8CBGWq54Gq,687,0xB35728D533Ea887862b9Ed00cfe2B7F3D36A4e71,vesting,0xA205c6e35e0814B0A602b016B539E819807f27F3
12D3KooWGsqMpDMKPfBy2UiD1HMZEGXox4DKt3HuzhmSndkbYca1,4306,0x5CF5A099A9089b31689B16cd83d06b6ce154c41b,eoa,0x5CF5A099A9089b31689B16cd83d06b6ce154c41b
12D3KooWEHxuVcqGdA5c9bG4ssx8B3zvG3SbqMqucia4mHyygSfB,789,0xB35728D533Ea887862b9Ed00cfe2B7F3D36A4e71,vesting,0xA205c6e35e0814B0A602b016B539E819807f27F3
12D3KooWEDXHjinU6yLT4zdkHwEKCPLJ8uV6N35KJbHciLw4xSbt,4310,0x5CF5A099A9089b31689B16cd83d06b6ce154c41b,eoa,0x5CF5A099A9089b31689B16cd83d06b6ce154c41b
12D3KooWJAQvJMfbamsJWWBvJGo715BX5xGY8egUQtLB17bRxD7L,4229,0x5CF5A099A9089b31689B16cd83d06b6ce154c41b,eoa,0x5CF5A099A9089b31689B16cd83d06b6ce154c41b
12D3KooWRnLMDdpwRZpBFAU5DLTNmWQEXy4EMQZNsR7pFVEzPxp1,4416,0x5CF5A099A9089b31689B16cd83d06b6ce154c41b,eoa,0x5CF5A099A9089b31689B16cd83d06b6ce154c41b
12D3KooWJv4mpvk4C1fHvv2FUTaoNnpbv7KPTF3HDizEGYejCrHU,781,0xB35728D533Ea887862b9Ed00cfe2B7F3D36A4e71,vesting,0xA205c6e35e0814B0A602b016B539E819807f27F3
12D3KooWJJtUNKCFQ8f82RSzfMfaPpbJUKjy7nnbuo8CLr1xLtu5,4155,0x5CF5A099A9089b31689B16cd83d06b6ce154c41b,eoa,0x5CF5A099A9089b31689B16cd83d06b6ce154c41b
12D3KooWNXb44v4qUY7oitwTxS938edHybygRpt3HSgtRFza49T7,402,0xB35728D533Ea887862b9Ed00cfe2B7F3D36A4e71,vesting,0xA205c6e35e0814B0A602b016B539E819807f27F3
12D3KooWASrrFW53QbZHxoVnpf9L2sqJaUeos2Mkb2DrXZHPggwm,4434,0x43d6A791c7db5C4dc2535a648FB25307FbD8478f,eoa,0x43d6A791c7db5C4dc2535a648FB25307FbD8478f
12D3KooWSqQiM6KyCVsQ3waGuZmmxqr3LehvxSH4xH2tqQ2xGjNx,943,0xC99B581a508e8ae499671B4fa1d43E96B127094f,vesting,0x51FF35792Ec01fEA7048A295Ea68A3156d92b629
12D3KooWKe3qL48CpvDo3VPYvcQ1DVqY9diCH1VxoaevrXekkorG,4172,0x5CF5A099A9089b31689B16cd83d06b6ce154c41b,eoa,0x5CF5A099A9089b31689B16cd83d06b6ce154c41b
12D3KooWMJhQMEnsSQcCkpkqWQkzy5K2FrKbeq5TNFTJUQDnuMSB,795,0xB35728D533Ea887862b9Ed00cfe2B7F3D36A4e71,vesting,0xA205c6e35e0814B0A602b016B539E819807f27F3
12D3KooWKtrqpZxXha4WCwCZMvEYHvCST4t5Wkq4DbxaXCtrrRLD,4304,0x5CF5A099A9089b31689B16cd83d06b6ce154c41b,eoa,0x5CF5A099A9089b31689B16cd83d06b6ce154c41b
12D3KooWPS5bCLojT8EP5VpHZMVsVr6pqytQioUjcX81rsNDLCCU,2195,0x920848e15407e7d1a88B5E16506a5724BFDe9164,vesting,0x2aA9ADb88efa160A1987DBbf42B916aB83983751
12D3KooWAM7tUugm82HsE8Q6babQCZXceDycM59SNG2a5jbFRqJ3,1747,0xec6E0dBf15C8a106471A9163A4848C4e8D06b63D,vesting,0x80c88d21975aB9829181536766d15005444B9aAd
12D3KooWHmuahwS94UT8Dh7vXZynqbEy2h4F784cgzTb3jWWQdZv,2228,0x920848e15407e7d1a88B5E16506a5724BFDe9164,vesting,0x2aA9ADb88efa160A1987DBbf42B916aB83983751
12D3KooWJ9Jm3KrnyiRwz1WWug5vjtxFckqZ3uZpWQUrSkYDcQDi,4299,0x5CF5A099A9089b31689B16cd83d06b6ce154c41b,eoa,0x5CF5A099A9089b31689B16cd83d06b6ce154c41b
12D3KooWQ5DFuSN2nhKrVecvF3Bmm7HUWLz3oMwQUY9U3MDyZXjf,2169,0x73471B6AB0b62d6918656B467317771C60094937,vesting,0x678d14c7e33f8D699aE3B9C0ca077245969D1942
12D3KooWFngmzCgHmX2NhrULDR9ubXqD7MszeiPntEkTwz7Gqwoj,682,0xB35728D533Ea887862b9Ed00cfe2B7F3D36A4e71,vesting,0xA205c6e35e0814B0A602b016B539E819807f27F3
12D3KooWLXJoPYNeRpAcV2mUDEQ8uw6VCT7qvZUFcc9vt4SoW45N,525,0xB35728D533Ea887862b9Ed00cfe2B7F3D36A4e71,vesting,0xA205c6e35e0814B0A602b016B539E819807f27F3
12D3KooWAXch725R8pqhZjvMVhkgKcAwBCbDGrDNgddcVcQXRGvD,2108,0x73471B6AB0b62d6918656B467317771C60094937,vesting,0x678d14c7e33f8D699aE3B9C0ca077245969D1942
12D3KooWAi7KQ59xj386JzQJV3kRGFJyaeETTd8cXsFm9TEtc9XA,2171,0x73471B6AB0b62d6918656B467317771C60094937,vesting,0x678d14c7e33f8D699aE3B9C0ca077245969D1942
12D3KooWEwxTG1TEzkzv3zyucg6jJ3aC9U4PDgv1dfnK5XUspzf5,818,0xC99B581a508e8ae499671B4fa1d43E96B127094f,vesting,0x51FF35792Ec01fEA7048A295Ea68A3156d92b629
12D3KooWNwW7TfjiyfwGyQqJbNJSW4TTN3LhBsJY3GosX9wVyAZs,2106,0x73471B6AB0b62d6918656B467317771C60094937,vesting,0x678d14c7e33f8D699aE3B9C0ca077245969D1942
12D3KooWDAH4Z3WduznXviDNty5p9FUgWHEzZZt2bMqkLmXEcCEZ,2214,0x920848e15407e7d1a88B5E16506a5724BFDe9164,vesting,0x2aA9ADb88efa160A1987DBbf42B916aB83983751
12D3KooWE4rm4i9aS4bZZJLBFBJYpX4U9Zb42DKPzhXzd7dWFsBx,736,0xB35728D533Ea887862b9Ed00cfe2B7F3D36A4e71,vesting,0xA205c6e35e0814B0A602b016B539E819807f27F3
12D3KooWAY22SfZiu2piTrqDTvw5RCkcdvN2Udsvdy6Bo1Uafkg4,2199,0x920848e15407e7d1a88B5E16506a5724BFDe9164,vesting,0x2aA9ADb88efa160A1987DBbf42B916aB83983751
12D3KooWFDBNv2QBokNhRmDYfr3kXzPhQrNouSQPjpspbErCGWQN,4415,0x5CF5A099A9089b31689B16cd83d06b6ce154c41b,eoa,0x5CF5A099A9089b31689B16cd83d06b6ce154c41b
12D3KooWFUJzGUAZ1oDNkZbZACeH3AJ8NybZtgrDo1pxtq8UNgub,4185,0x5CF5A099A9089b31689B16cd83d06b6ce154c41b,eoa,0x5CF5A099A9089b31689B16cd83d06b6ce154c41b
12D3KooWRPYfeBTq2nxVGyZE3XhLNTpeCobrLGkrvAWehzT7SBru,2117,0x73471B6AB0b62d6918656B467317771C60094937,vesting,0x678d14c7e33f8D699aE3B9C0ca077245969D1942
12D3KooWFGrtFemrCphnKrmzfe2QAfm884h41D9jQzf4zFd1WcYf,510,0xB35728D533Ea887862b9Ed00cfe2B7F3D36A4e71,vesting,0xA205c6e35e0814B0A602b016B539E819807f27F3
12D3KooWBGv9bvaJ7qrkB6wUeFDRjve4eEKYN1qVbuwszdXuCRuw,4216,0x5CF5A099A9089b31689B16cd83d06b6ce154c41b,eoa,0x5CF5A099A9089b31689B16cd83d06b6ce154c41b
12D3KooWDppeoZyvA6dXv7uf7AnxLr4tWc8ch5cniMK7nr6X5vVm,1788,0xec6E0dBf15C8a106471A9163A4848C4e8D06b63D,vesting,0x80c88d21975aB9829181536766d15005444B9aAd
12D3KooWD4P4XEkPrw4dZiNunses4cndD2sMiZCjBdNgiBu2Yzrr,2157,0x73471B6AB0b62d6918656B467317771C60094937,vesting,0x678d14c7e33f8D699aE3B9C0ca077245969D1942
12D3KooWQvRr3F8fKBeXYWnPdgzX9ZoBCUUKUuCDh3Yahuk6oLNT,4302,0x5CF5A099A9089b31689B16cd83d06b6ce154c41b,eoa,0x5CF5A099A9089b31689B16cd83d06b6ce154c41b
12D3KooWG7y3JjQomU2hiBWbk4sxQmrZ99PRjMiuemmv6qd2UxVL,4323,0x5CF5A099A9089b31689B16cd83d06b6ce154c41b,eoa,0x5CF5A099A9089b31689B16cd83d06b6ce154c41b
12D3KooWBPSDbVSqFyaxpc3BoQYdf4ez8ofimMmp1w3DEr4tizCi,806,0xB35728D533Ea887862b9Ed00cfe2B7F3D36A4e71,vesting,0xA205c6e35e0814B0A602b016B539E819807f27F3
12D3KooWQAsEkJwvSTFZ9B7N93AFAnwq6xVqmQPTSnydq9eVb4w6,416,0xB35728D533Ea887862b9Ed00cfe2B7F3D36A4e71,vesting,0xA205c6e35e0814B0A602b016B539E819807f27F3
12D3KooWNgbAR2cW58bZcGtNV9DyewPb2WNBnTgjF99vZBjmwyQp,1159,0xB35728D533Ea887862b9Ed00cfe2B7F3D36A4e71,vesting,0xA205c6e35e0814B0A602b016B539E819807f27F3
12D3KooWARohN3GsoaX36egQcK9WzvSD2pdeHze6R3We7dRvWXp2,4281,0x5CF5A099A9089b31689B16cd83d06b6ce154c41b,eoa,0x5CF5A099A9089b31689B16cd83d06b6ce154c41b
12D3KooWS9kQxNQbcsAxTWSXm15MfxpP3EzCReKmyCC6TDKjSggE,4269,0x5CF5A099A9089b31689B16cd83d06b6ce154c41b,eoa,0x5CF5A099A9089b31689B16cd83d06b6ce154c41b
12D3KooWKyQQLvD9DfeMeoHDkNVxa4T8VdtufQoSFiMx9xsx8Wzv,4181,0x5CF5A099A9089b31689B16cd83d06b6ce154c41b,eoa,0x5CF5A099A9089b31689B16cd83d06b6ce154c41b
12D3KooWGYusy2FatH14bmYEWPnuqToR8RSxKMS77bZWmoBQNTsU,906,0xC99B581a508e8ae499671B4fa1d43E96B127094f,vesting,0x51FF35792Ec01fEA7048A295Ea68A3156d92b629
12D3KooWDC63NU14X1NP7Q3eCtNcPBAbBPdYyLN6p1LtoEMvTUbc,926,0xC99B581a508e8ae499671B4fa1d43E96B127094f,vesting,0x51FF35792Ec01fEA7048A295Ea68A3156d92b629
12D3KooWNCcJPov7N5qKtsC37ojAuxpBUKgyhdkZZSjV7Q5bnfbG,3393,0xec6E0dBf15C8a106471A9163A4848C4e8D06b63D,vesting,0x80c88d21975aB9829181536766d15005444B9aAd
12D3KooWFEMxx8bWvdEYuE3K43KLmYRCqVrB4sb3mFEgZMCuayeY,4235,0x5CF5A099A9089b31689B16cd83d06b6ce154c41b,eoa,0x5CF5A099A9089b31689B16cd83d06b6ce154c41b
12D3KooWL77AAkd3PxwEgQnWoTRaiwiEyfd2diYjLtuE9Fq9hcmG,804,0xB35728D533Ea887862b9Ed00cfe2B7F3D36A4e71,vesting,0xA205c6e35e0814B0A602b016B539E819807f27F3
12D3KooWRtizGc75iYTCw85ShW11wZ3hA2ZRYtTrkD9mJUuumHTA,2088,0x73471B6AB0b62d6918656B467317771C60094937,vesting,0x678d14c7e33f8D699aE3B9C0ca077245969D1942
12D3KooWP7Afb9cCZMqxRiETBqAE2FLKANYPepNmacnEt3Te8J5g,4421,0x5CF5A099A9089b31689B16cd83d06b6ce154c41b,eoa,0x5CF5A099A9089b31689B16cd83d06b6ce154c41b
12D3KooWM1SymoFaJXbzQpYETdJMeDHmUjhhzrQj7U1xaBxZ5uQ1,466,0xB35728D533Ea887862b9Ed00cfe2B7F3D36A4e71,vesting,0xA205c6e35e0814B0A602b016B539E819807f27F3
12D3KooWD3xS3WVNcKzXbXBybuVJR5mkrd9z3QHPpWJUMSyEw2jQ,3388,0xec6E0dBf15C8a106471A9163A4848C4e8D06b63D,vesting,0x80c88d21975aB9829181536766d15005444B9aAd
12D3KooWHyGF1cVYHjskQMP6ibHz6akAaFbyrT3yfrEAvoBCyciK,914,0xC99B581a508e8ae499671B4fa1d43E96B127094f,vesting,0x51FF35792Ec01fEA7048A295Ea68A3156d92b629
12D3KooWSVs8GyXtXPRP2PEZhk5mdRN1yUsTXfkfcg2cZt3PHopD,715,0xB35728D533Ea887862b9Ed00cfe2B7F3D36A4e71,vesting,0xA205c6e35e0814B0A602b016B539E819807f27F3
12D3KooWHUhZqdFWpUNBKrS5wu2F6bFCeqjcZzu1XCpjjJcqjXo4,4168,0x5CF5A099A9089b31689B16cd83d06b6ce154c41b,eoa,0x5CF5A099A9089b31689B16cd83d06b6ce154c41b
12D3KooWScMncKkGGp5y5Nz6YsxYJtHiceUqz7DHFDMUiJMCNua8,1798,0xec6E0dBf15C8a106471A9163A4848C4e8D06b63D,vesting,0x80c88d21975aB9829181536766d15005444B9aAd
12D3KooWGS27n1M3LYnMe9UCCoEzu1fMVxfjZad9w1qGG8JedpAq,4234,0x5CF5A099A9089b31689B16cd83d06b6ce154c41b,eoa,0x5CF5A099A9089b31689B16cd83d06b6ce154c41b
12D3KooWGyo8M2KTbjd7Fe5yhFYX2EpKRCtvznMhtkfjUYZuh4VT,4206,0x5CF5A099A9089b31689B16cd83d06b6ce154c41b,eoa,0x5CF5A099A9089b31689B16cd83d06b6ce154c41b
12D3KooWAEtdBe9QbHpfSdF84EyXfG53bowfpx56nKanz3183Z2e,3951,0xebc625Cee6367CF65b4ba8f8D99eA4BEAf01035f,vesting,0xdADB8013e3764DDd303D9B15A3a7b513e7089744
12D3KooWHmYC3W7pq7sDqwH9z2gHpMxdNhHygQy3pmiyp46N7JVY,469,0xB35728D533Ea887862b9Ed00cfe2B7F3D36A4e71,vesting,0xA205c6e35e0814B0A602b016B539E819807f27F3
12D3KooWKAqrsbuj7VPasAT741LM9FvTgNpimQqCLgHwQ6ZnWmdJ,815,0xC99B581a508e8ae499671B4fa1d43E96B127094f,vesting,0x51FF35792Ec01fEA7048A295Ea68A3156d92b629
12D3KooWQhKxVJUMfuUAH1AMEAcEF35vVZaNmJP3xrDs2TTmDgvM,429,0xB35728D533Ea887862b9Ed00cfe2B7F3D36A4e71,vesting,0xA205c6e35e0814B0A602b016B539E819807f27F3
12D3KooWJTdetcWemVrdwQ81pwArihFHfuT1QZ23J9ovJKEmD9An,3392,0xec6E0dBf15C8a106471A9163A4848C4e8D06b63D,vesting,0x80c88d21975aB9829181536766d15005444B9aAd
12D3KooWLaQX2w2LLA6RvxAtqN8X14PFTiV6A4vAy4xwbmGjkHgf,787,0xB35728D533Ea887862b9Ed00cfe2B7F3D36A4e71,vesting,0xA205c6e35e0814B0A602b016B539E819807f27F3
12D3KooWMEe98tYJube2nPqvvEZDAkhyrq6tes3X1m7KTicssvSx,1745,0xec6E0dBf15C8a106471A9163A4848C4e8D06b63D,vesting,0x80c88d21975aB9829181536766d15005444B9aAd
12D3KooWG39sY4kVo7sHM3vcAKgPv7JtnYTEiunkM6HZ74zpwLFN,1730,0xec6E0dBf15C8a106471A9163A4848C4e8D06b63D,vesting,0x80c88d21975aB9829181536766d15005444B9aAd
12D3KooW9yEyv3w7pStau7teEqZpNfPi12n2oksDsbE3smAhs82D,783,0xB35728D533Ea887862b9Ed00cfe2B7F3D36A4e71,vesting,0xA205c6e35e0814B0A602b016B539E819807f27F3
12D3KooWAsbJoUWY2XeC3WjeiHJTHBqhDDVpuBhwZBTa9ehoBSp6,793,0xB35728D533Ea887862b9Ed00cfe2B7F3D36A4e71,vesting,0xA205c6e35e0814B0A602b016B539E819807f27F3
12D3KooWNgYMKw3pmEoyopACwtnJX8pJw82JAToyPFvWPvjBMchg,1746,0xec6E0dBf15C8a106471A9163A4848C4e8D06b63D,vesting,0x80c88d21975aB9829181536766d15005444B9aAd
12D3KooWD1gfds4Bivk2NTSnz1DSoutbN5fKr8TbnxqbsAthgW6f,2096,0x73471B6AB0b62d6918656B467317771C60094937,vesting,0x678d14c7e33f8D699aE3B9C0ca077245969D1942
12D3KooWKL8pverdtTrVzHt7APs7BRrBfhfQiv8iBrSnYH8GKLfq,932,0xC99B581a508e8ae499671B4fa1d43E96B127094f,vesting,0x51FF35792Ec01fEA7048A295Ea68A3156d92b629
12D3KooWP3v7C3n4m7EAigWxWFWFRK4LjZRdT3EkSRiFeneGtK6j,740,0xB35728D533Ea887862b9Ed00cfe2B7F3D36A4e71,vesting,0xA205c6e35e0814B0A602b016B539E819807f27F3
12D3KooWGXR5UjS4qpdMbcFMGQujYJC3p5GZKs2emuP7yisQLZ4f,2150,0x73471B6AB0b62d6918656B467317771C60094937,vesting,0x678d14c7e33f8D699aE3B9C0ca077245969D1942
12D3KooWLX2r5MeJvAFaY2fqFSD7hWfLYnzAjAgWDa1xTbqgcGv5,716,0xB35728D533Ea887862b9Ed00cfe2B7F3D36A4e71,vesting,0xA205c6e35e0814B0A602b016B539E819807f27F3
12D3KooWCr5f7LpHUvy48gmdqmEvSYxxkGQKrfiL4aSHHVmePxxZ,924,0xC99B581a508e8ae499671B4fa1d43E96B127094f,vesting,0x51FF35792Ec01fEA7048A295Ea68A3156d92b629
12D3KooWCz3QXYAdyQ4ypMHtQ2m6Jx9xFqLoBymZpsxSi992ohTH,419,0xB35728D533Ea887862b9Ed00cfe2B7F3D36A4e71,vesting,0xA205c6e35e0814B0A602b016B539E819807f27F3
12D3KooWHaNL7Fw2tCAH8ZUWkzYNoVtk3rdk4qQh62wNcf9BTT6w,323,0xB35728D533Ea887862b9Ed00cfe2B7F3D36A4e71,vesting,0xA205c6e35e0814B0A602b016B539E819807f27F3
12D3KooWJsZcaNsbmb8aiTCL9dGkVAnP94XTeA46YiDvNvfD19T9,2210,0x920848e15407e7d1a88B5E16506a5724BFDe9164,vesting,0x2aA9ADb88efa160A1987DBbf42B916aB83983751
12D3KooWDXhRoHM7MRHnwK89tUsvonBURZ3XkqHGCngiUU2VDTrv,2127,0x73471B6AB0b62d6918656B467317771C60094937,vesting,0x678d14c7e33f8D699aE3B9C0ca077245969D1942
12D3KooWSAwnRk57UJvSuMNihGQCPbuxSuK5TXzRyKcBrfPTc6fz,2168,0x73471B6AB0b62d6918656B467317771C60094937,vesting,0x678d14c7e33f8D699aE3B9C0ca077245969D1942
12D3KooWKtoaum5UD6nZqiMNMHjHYPdCuPi2XQVK3EMU136bdHbF,2205,0x920848e15407e7d1a88B5E16506a5724BFDe9164,vesting,0x2aA9ADb88efa160A1987DBbf42B916aB83983751
12D3KooWFXTHduymWAh8sdnHaAU7iq1jeNGgFCnNCqYm7nLsWs4E,702,0xB35728D533Ea887862b9Ed00cfe2B7F3D36A4e71,vesting,0xA205c6e35e0814B0A602b016B539E819807f27F3
12D3KooWCufu3rq8T8XVFRWKnxbefdHhxLBRwFRELYZZUN6zYFdx,744,0xB35728D533Ea887862b9Ed00cfe2B7F3D36A4e71,vesting,0xA205c6e35e0814B0A602b016B539E819807f27F3
12D3KooWE35zcJn5NpGGe6Y4Qj3AKTpKosTr2pjuuhPHtGfPkYEA,1792,0xec6E0dBf15C8a106471A9163A4848C4e8D06b63D,vesting,0x80c88d21975aB9829181536766d15005444B9aAd
12D3KooWMmnAAHaCkg4WyPVJkE5smayXnrV8VtoBUppNZDysKsHq,294,0xB35728D533Ea887862b9Ed00cfe2B7F3D36A4e71,vesting,0xA205c6e35e0814B0A602b016B539E819807f27F3
12D3KooWCyJ1QBadxqaXBd5CfLVQUmDY1rLXHSs1kygHsUkQBqBp,2087,0x73471B6AB0b62d6918656B467317771C60094937,vesting,0x678d14c7e33f8D699aE3B9C0ca077245969D1942
12D3KooWLFZMvdbysWmyGhXkpD7vcGJcBZY49ZJ4yxWMAdkjqQtG,2189,0x920848e15407e7d1a88B5E16506a5724BFDe9164,vesting,0x2aA9ADb88efa160A1987DBbf42B916aB83983751
12D3KooWLR3AtqCmkspaqLYShoK2kJJMk6jn6R9KfXT7mopvTSr1,1708,0xec6E0dBf15C8a106471A9163A4848C4e8D06b63D,vesting,0x80c88d21975aB9829181536766d15005444B9aAd
12D3KooWDkmpanrgsVEoNvLuWFpw4Y1SkWrNrpjekUXfgc14sU9S,1706,0xec6E0dBf15C8a106471A9163A4848C4e8D06b63D,vesting,0x80c88d21975aB9829181536766d15005444B9aAd
12D3KooWGQ6KEA1BzzRErCTSkww9Fvjp371hXjKBLbZmwz5zvgyi,2260,0x920848e15407e7d1a88B5E16506a5724BFDe9164,vesting,0x2aA9ADb88efa160A1987DBbf42B916aB83983751
12D3KooWQqFxYFSWbQzq4xr6gB1PDQ9WEd4Hf8x9t22hdVtihZWs,3419,0xcd65B8BeeE22C8D1De6653A47e928d387e037aD3,eoa,0xcd65B8BeeE22C8D1De6653A47e928d387e037aD3
12D3KooWM7wHkNkh7LomswsfQDRiQrVmHKx9DznsbZ87MukT6Qkb,942,0xC99B581a508e8ae499671B4fa1d43E96B127094f,vesting,0x51FF35792Ec01fEA7048A295Ea68A3156d92b629
12D3KooWB7etSxwSmJd8vxCzwS82E9ULKkWDXSm7QC9tivMY5dY7,2120,0x73471B6AB0b62d6918656B467317771C60094937,vesting,0x678d14c7e33f8D699aE3B9C0ca077245969D1942
12D3KooWPoWyWSXXXJ8oXp6y47pr9MjYeoCT9o5oDStqLm1m1mu8,711,0xB35728D533Ea887862b9Ed00cfe2B7F3D36A4e71,vesting,0xA205c6e35e0814B0A602b016B539E819807f27F3
12D3KooWGzrHeupR5QL4mXhsgZxNQdzDQJeR4iEA8VXKSABXZ2BU,681,0xB35728D533Ea887862b9Ed00cfe2B7F3D36A4e71,vesting,0xA205c6e35e0814B0A602b016B539E819807f27F3
12D3KooWPMa3eX7iokJJ6iPkuMWfWBz8dBjqnPFKsFc1ujVxYxNf,417,0xB35728D533Ea887862b9Ed00cfe2B7F3D36A4e71,vesting,0xA205c6e35e0814B0A602b016B539E819807f27F3
12D3KooWH5mubPeQ5wfdw7oK4ZnfrWVSwT3YGD763bygBrYEMHsu,2129,0x73471B6AB0b62d6918656B467317771C60094937,vesting,0x678d14c7e33f8D699aE3B9C0ca077245969D1942
12D3KooWCbLugnvqMe4BRBwoZ6d3AMpGgZgCZv2rTbXraCk9WDhf,334,0xB35728D533Ea887862b9Ed00cfe2B7F3D36A4e71,vesting,0xA205c6e35e0814B0A602b016B539E819807f27F3
12D3KooWKN1f5RSaJqv1rd7e5Kmw2vaeRjRFggLBiQMK2LNAnXyH,2224,0x920848e15407e7d1a88B5E16506a5724BFDe9164,vesting,0x2aA9ADb88efa160A1987DBbf42B916aB83983751
12D3KooWNpQaVADLetD9HJeAhbMFCiBiQwFcKpYiW2sxvSSntEJS,2225,0x920848e15407e7d1a88B5E16506a5724BFDe9164,vesting,0x2aA9ADb88efa160A1987DBbf42B916aB83983751
12D3KooWDguCDAPf3jiDRV8g8ghLQ5rQwXXGb4RjUMbex4n44avZ,712,0xB35728D533Ea887862b9Ed00cfe2B7F3D36A4e71,vesting,0xA205c6e35e0814B0A602b016B539E819807f27F3
12D3KooWJcMz7iqDTve7Tuba4iyT2W43Uj3UXFyo8m5GSU8Q32Lm,913,0xC99B581a508e8ae499671B4fa1d43E96B127094f,vesting,0x51FF35792Ec01fEA7048A295Ea68A3156d92b629
12D3KooWK1Pzm387Hg8kZRc2jVX6avgZmdgQqLEeu8dTvrkLoPTZ,2217,0x920848e15407e7d1a88B5E16506a5724BFDe9164,vesting,0x2aA9ADb88efa160A1987DBbf42B916aB83983751
12D3KooWNtLLtUzD1CHoGvpjTtWRv7hx9oMrna8bYZBopfjz8atZ,803,0xB35728D533Ea887862b9Ed00cfe2B7F3D36A4e71,vesting,0xA205c6e35e0814B0A602b016B539E819807f27F3
12D3KooWNPNhXNpD2cJWQMPMU9mTua674TVrE2gofGJLxhGxHMzC,511,0xB35728D533Ea887862b9Ed00cfe2B7F3D36A4e71,vesting,0xA205c6e35e0814B0A602b016B539E819807f27F3
12D3KooWA4ZZ83LfVPLZMUszGAKAbt5q1qhRJjs1EJcxRcLhFdm3,1786,0xec6E0dBf15C8a106471A9163A4848C4e8D06b63D,vesting,0x80c88d21975aB9829181536766d15005444B9aAd
12D3KooWD7csYWPcQbKkajLqyzHjjdJxWUQDVEpiRC1qBiLSk2us,1725,0xec6E0dBf15C8a106471A9163A4848C4e8D06b63D,vesting,0x80c88d21975aB9829181536766d15005444B9aAd
12D3KooWHPQ8jTTD1JDqUPSuWXqmxKunAjknpiqYadnMCDH7QXpn,2101,0x73471B6AB0b62d6918656B467317771C60094937,vesting,0x678d14c7e33f8D699aE3B9C0ca077245969D1942
12D3KooWFoBEdJ9CbfBRcMSyHrCL1H2YK9mjL3p4NTNGg86uy1Px,2241,0x920848e15407e7d1a88B5E16506a5724BFDe9164,vesting,0x2aA9ADb88efa160A1987DBbf42B916aB83983751
12D3KooWQJERZtZD7FugYM6ZMRhdcMRaksd2oxvmvt9kXapEtqDh,519,0xB35728D533Ea887862b9Ed00cfe2B7F3D36A4e71,vesting,0xA205c6e35e0814B0A602b016B539E819807f27F3
12D3KooWNyRtU895MGuW1fQiaubszFMCdMBCqdzmwXbUy5NG9Czb,2285,0x920848e15407e7d1a88B5E16506a5724BFDe9164,vesting,0x2aA9ADb88efa160A1987DBbf42B916aB83983751
12D3KooWQYoFcUTD3V6d2LBMiZmGq1gpBoEMqmqGcBrqQt4PS2he,382,0xB35728D533Ea887862b9Ed00cfe2B7F3D36A4e71,vesting,0xA205c6e35e0814B0A602b016B539E819807f27F3
12D3KooWPCMEDZ3bQY7Zj2CizYYSqY9ar8DPswehtnwMjjSsn1rr,3431,0xcd65B8BeeE22C8D1De6653A47e928d387e037aD3,eoa,0xcd65B8BeeE22C8D1De6653A47e928d387e037aD3
12D3KooWKjTt4wZ6yKxGNAqFzx8gSEm3iSzTUuck2bgytgKousR1,785,0xB35728D533Ea887862b9Ed00cfe2B7F3D36A4e71,vesting,0xA205c6e35e0814B0A602b016B539E819807f27F3
12D3KooWQVpTCGdRdc4dnZ8j1wzPWTjKogPAqwdPs5Arf1mFhxMg,3428,0xcd65B8BeeE22C8D1De6653A47e928d387e037aD3,eoa,0xcd65B8BeeE22C8D1De6653A47e928d387e037aD3
12D3KooWArZzWQauntZUYsuctaxqSK3njDBscynPmdFukNaURfa6,2249,0x920848e15407e7d1a88B5E16506a5724BFDe9164,vesting,0x2aA9ADb88efa160A1987DBbf42B916aB83983751
12D3KooWPhxFsTviVGJRYQ3qZQtDLqub9fuSMqz923AMswquMHQR,2162,0x73471B6AB0b62d6918656B467317771C60094937,vesting,0x678d14c7e33f8D699aE3B9C0ca077245969D1942
12D3KooWAZV8gYpAU3WZVYGN3pB1YUMdGzGZW2pU34y4H8nQ5A9o,3391,0xec6E0dBf15C8a106471A9163A4848C4e8D06b63D,vesting,0x80c88d21975aB9829181536766d15005444B9aAd
12D3KooWB9Mmx2UKaX8JbZWkWtQBsn5vrozxWN3zN81votby4T8R,336,0xB35728D533Ea887862b9Ed00cfe2B7F3D36A4e71,vesting,0xA205c6e35e0814B0A602b016B539E819807f27F3
12D3KooWEpjJmTUxYqh7GuP474Pq1BhPRjgruVfKbRstxo2NSi2W,1734,0xec6E0dBf15C8a106471A9163A4848C4e8D06b63D,vesting,0x80c88d21975aB9829181536766d15005444B9aAd
12D3KooWLqavbSVXqzzPDkyeBdkqLhpgEU2Jq6ork7qhbuR47F3c,800,0xB35728D533Ea887862b9Ed00cfe2B7F3D36A4e71,vesting,0xA205c6e35e0814B0A602b016B539E819807f27F3
12D3KooWN3Jc7bEBce6nT7ndTN7DK6xVFwUT1n5Qm1mnsiQ5Y7BP,308,0xB35728D533Ea887862b9Ed00cfe2B7F3D36A4e71,vesting,0xA205c6e35e0814B0A602b016B539E819807f27F3
12D3KooWSmZtK6BLQ4EDFG1i4MHUKTEN26sdW9VyMXHFeaVLKbrz,899,0xC99B581a508e8ae499671B4fa1d43E96B127094f,vesting,0x51FF35792Ec01fEA7048A295Ea68A3156d92b629
12D3KooWJgSrYYCmBQQofLGgbKw4igLo6MZzMcPtahx25ndcZfGe,2135,0x73471B6AB0b62d6918656B467317771C60094937,vesting,0x678d14c7e33f8D699aE3B9C0ca077245969D1942
12D3KooWSYkro8taG7FCm6XZaAGGA8c8gjDrWY5AyeeR3Q2SyPCB,2086,0x73471B6AB0b62d6918656B467317771C60094937,vesting,0x678d14c7e33f8D699aE3B9C0ca077245969D1942
12D3KooWHefwrfTCivVjkKoxmssYpDGxUmeWvvWExkAKgpDn342S,941,0xC99B581a508e8ae499671B4fa1d43E96B127094f,vesting,0x51FF35792Ec01fEA7048A295Ea68A3156d92b629
12D3KooWDXKdPMkQyDnV6u1TaK7kUZQvHwLvu7DUHgNQz1mqefue,1146,0xB35728D533Ea887862b9Ed00cfe2B7F3D36A4e71,vesting,0xA205c6e35e0814B0A602b016B539E819807f27F3
12D3KooWHti8sPVq8b4bqnWVSJ2nxAJETJzD5GHegWpbMcjNbTpb,738,0xB35728D533Ea887862b9Ed00cfe2B7F3D36A4e71,vesting,0xA205c6e35e0814B0A602b016B539E819807f27F3
12D3KooWJGqWkZ47EKwaFfzNwpDL7xy7W279y1DR2Vs75pz1DtKS,3436,0xcd65B8BeeE22C8D1De6653A47e928d387e037aD3,eoa,0xcd65B8BeeE22C8D1De6653A47e928d387e037aD3
12D3KooWCaagYXMrvhAR4D6E4aqqDkw6AQrHoaJGe8kRmeygaBoG,2222,0x920848e15407e7d1a88B5E16506a5724BFDe9164,vesting,0x2aA9ADb88efa160A1987DBbf42B916aB83983751
12D3KooWPxvByR24qAJonBqso6uEE9owAc8abokFR48EtPEpWjta,2211,0x920848e15407e7d1a88B5E16506a5724BFDe9164,vesting,0x2aA9ADb88efa160A1987DBbf42B916aB83983751
12D3KooWPqD4S9YBAppwr8aWf2gEbtBSBSvYdnT8Eqn94XXxB7nA,739,0xB35728D533Ea887862b9Ed00cfe2B7F3D36A4e71,vesting,0xA205c6e35e0814B0A602b016B539E819807f27F3
12D3KooWHjBsKcpyNRBmh2YPwp77Nx8iZ3kU1Fjnd2US1GH2xX7u,292,0xB35728D533Ea887862b9Ed00cfe2B7F3D36A4e71,vesting,0xA205c6e35e0814B0A602b016B539E819807f27F3
12D3KooWBtdTU7MkBKaNHYXLVJpHRQYSCawFkiX2VD4bsE5rvfqG,317,0xB35728D533Ea887862b9Ed00cfe2B7F3D36A4e71,vesting,0xA205c6e35e0814B0A602b016B539E819807f27F3
12D3KooWFnMkS1EYg3foQcAJh8G3qaX9hzngUbfmsSeftM4sA9FY,948,0xC99B581a508e8ae499671B4fa1d43E96B127094f,vesting,0x51FF35792Ec01fEA7048A295Ea68A3156d92b629
12D3KooWMfQi99LTopkfhiwvMieQoFfrhxzRJACSXA8hDSq8b87G,1726,0xec6E0dBf15C8a106471A9163A4848C4e8D06b63D,vesting,0x80c88d21975aB9829181536766d15005444B9aAd
12D3KooWFAD7KrSJ62X5cZswwpuQT3jsmcwQg6oNQZPS2PBZtuBb,2097,0x73471B6AB0b62d6918656B467317771C60094937,vesting,0x678d14c7e33f8D699aE3B9C0ca077245969D1942
12D3KooWNVxozwD8qGwXgiWZA2FGTK4QNtummAhEVzufTbLEYPVe,940,0xC99B581a508e8ae499671B4fa1d43E96B127094f,vesting,0x51FF35792Ec01fEA7048A295Ea68A3156d92b629
12D3KooWLc9oodSNWmiCsjWD9Pp2eFUi3jm7Cnnt4GEzDxeNEwa2,3422,0xcd65B8BeeE22C8D1De6653A47e928d387e037aD3,eoa,0xcd65B8BeeE22C8D1De6653A47e928d387e037aD3
12D3KooWBbBzsGgZF73pKrSFbFyBjy7cmtMyEM8QBLKqw1aGoN31,2143,0x73471B6AB0b62d6918656B467317771C60094937,vesting,0x678d14c7e33f8D699aE3B9C0ca077245969D1942
12D3KooWKP8EoXmiysx5LkAByGhrNmSnCcqZBtrCaFGFzL897GAS,2258,0x920848e15407e7d1a88B5E16506a5724BFDe9164,vesting,0x2aA9ADb88efa160A1987DBbf42B916aB83983751
12D3KooWNG1hQqCaa3Axot6LUiTPLVzCRBGSU4rwTAXuLKPDNGqR,786,0xB35728D533Ea887862b9Ed00cfe2B7F3D36A4e71,vesting,0xA205c6e35e0814B0A602b016B539E819807f27F3
12D3KooWDDMRXReCK4u6Ms5e41GabRrD5bUE4CB6kvCk9zZ7cNho,332,0xB35728D533Ea887862b9Ed00cfe2B7F3D36A4e71,vesting,0xA205c6e35e0814B0A602b016B539E819807f27F3
12D3KooWBPC729WBU8XFT8WE95J8GiSsGMLXb8x5v3DKMkXLNcx4,797,0xB35728D533Ea887862b9Ed00cfe2B7F3D36A4e71,vesting,0xA205c6e35e0814B0A602b016B539E819807f27F3
12D3KooWLbuhPfJJqxrXfue3Gb6RU276XjmViX6heyXQkxFjGJDp,1796,0xec6E0dBf15C8a106471A9163A4848C4e8D06b63D,vesting,0x80c88d21975aB9829181536766d15005444B9aAd
12D3KooWGEkCPyiqMvnAsYDtaqEgsGMqZbRWSNhFf32Y5Danmmrn,918,0xC99B581a508e8ae499671B4fa1d43E96B127094f,vesting,0x51FF35792Ec01fEA7048A295Ea68A3156d92b629
12D3KooWNKboiKRGpz23t31cUzdTuzViZjajaFr5boEomt6c9u7M,1802,0xec6E0dBf15C8a106471A9163A4848C4e8D06b63D,vesting,0x80c88d21975aB9829181536766d15005444B9aAd
12D3KooWGQU58az4RPpctCLF33DMiovrTokdhMjts1xZhwpEDBLK,794,0xB35728D533Ea887862b9Ed00cfe2B7F3D36A4e71,vesting,0xA205c6e35e0814B0A602b016B539E819807f27F3
12D3KooWFECDMNayDjJWLoYrA8LA3WCzRmUed2ybEnsvdWxmLvSB,2144,0x73471B6AB0b62d6918656B467317771C60094937,vesting,0x678d14c7e33f8D699aE3B9C0ca077245969D1942
12D3KooWCkucdaobMxKV6G8WVq9HikidTu97yojFzhWJK7Ef72aS,3390,0xec6E0dBf15C8a106471A9163A4848C4e8D06b63D,vesting,0x80c88d21975aB9829181536766d15005444B9aAd
12D3KooWJTDz4T8VUMeudJia1TxGLyHj2nwt4dE9AGy3RmdEykGu,936,0xC99B581a508e8ae499671B4fa1d43E96B127094f,vesting,0x51FF35792Ec01fEA7048A295Ea68A3156d92b629
12D3KooWFhj1b3w4Hb7Kw6Lq6tz78DtpPzdcTqgefCYBJK5tB5tb,686,0xB35728D533Ea887862b9Ed00cfe2B7F3D36A4e71,vesting,0xA205c6e35e0814B0A602b016B539E819807f27F3
12D3KooWJ9fCF8vELafiNMmC1Py73ww7VjcYcsRJkn2PwMbtZGmP,2278,0x920848e15407e7d1a88B5E16506a5724BFDe9164,vesting,0x2aA9ADb88efa160A1987DBbf42B916aB83983751
12D3KooWGb3QFtRGQXi3F5fcU3T1GDsPt2j5wRe8V3RtrpCJELQd,700,0xB35728D533Ea887862b9Ed00cfe2B7F3D36A4e71,vesting,0xA205c6e35e0814B0A602b016B539E819807f27F3
12D3KooWExT9e4JtDccWJ77Apv9PuQnjNwFh8MoNPEGeTeZ4Um2R,401,0xB35728D533Ea887862b9Ed00cfe2B7F3D36A4e71,vesting,0xA205c6e35e0814B0A602b016B539E819807f27F3
12D3KooWPocYDVSedCMDi5WoenK1get1TLBjnFRiaMH4ne847rmr,400,0xB35728D533Ea887862b9Ed00cfe2B7F3D36A4e71,vesting,0xA205c6e35e0814B0A602b016B539E819807f27F3
12D3KooWD4dyx1mbh4gB3nakGWLvfBLuKUyDo6qKYdyh41SRF6LW,2196,0x920848e15407e7d1a88B5E16506a5724BFDe9164,vesting,0x2aA9ADb88efa160A1987DBbf42B916aB83983751
12D3KooWMGhppGtf2JuapW25k5h8DDsSDy22Gu9GrKsRSkic1EdY,1783,0xec6E0dBf15C8a106471A9163A4848C4e8D06b63D,vesting,0x80c88d21975aB9829181536766d15005444B9aAd
12D3KooWDMk9sVUwonV5hqgmpbRD758LwnMdHKTWNNdQppNNwGy9,2118,0x73471B6AB0b62d6918656B467317771C60094937,vesting,0x678d14c7e33f8D699aE3B9C0ca077245969D1942
12D3KooW9vLPhHjKs4DMgQ72dvMA3ASRKcmHECfYQEEVzAvkryEp,720,0xB35728D533Ea887862b9Ed00cfe2B7F3D36A4e71,vesting,0xA205c6e35e0814B0A602b016B539E819807f27F3
12D3KooWStx4yUHxPi9RtF49WW1TMgah8t3r9Lrw4t7ViysSYK8q,2293,0x920848e15407e7d1a88B5E16506a5724BFDe9164,vesting,0x2aA9ADb88efa160A1987DBbf42B916aB83983751
12D3KooWN8MZj9PNew5sWRbCBYCNHL823GnttZPvQ1jeaevREUT6,1720,0xec6E0dBf15C8a106471A9163A4848C4e8D06b63D,vesting,0x80c88d21975aB9829181536766d15005444B9aAd
12D3KooWPzoaxZsW78VrBEwsxMdyH3L8hpGfsWcgiCF1EeFHohuq,3418,0xcd65B8BeeE22C8D1De6653A47e928d387e037aD3,eoa,0xcd65B8BeeE22C8D1De6653A47e928d387e037aD3
12D3KooWJjcEoUcNhgrtkwTpckxpWDEMLHDcbUezCcTsxLMSqMce,709,0xB35728D533Ea887862b9Ed00cfe2B7F3D36A4e71,vesting,0xA205c6e35e0814B0A602b016B539E819807f27F3
12D3KooWLGPkBrd32BFvJraTUBzgJTmTrq8bGLcDFhZF1LZTPjxG,685,0xB35728D533Ea887862b9Ed00cfe2B7F3D36A4e71,vesting,0xA205c6e35e0814B0A602b016B539E819807f27F3
12D3KooWNaSQB3XbbyTx6GQ1oonWGHbVFqvqoc9fReAUjaAy4hxK,699,0xB35728D533Ea887862b9Ed00cfe2B7F3D36A4e71,vesting,0xA205c6e35e0814B0A602b016B539E819807f27F3
12D3KooWHRTtFuPYKGTzuW2pF3UMnKQJ64yM6V58yW5KTGaS4HWm,2230,0x920848e15407e7d1a88B5E16506a5724BFDe9164,vesting,0x2aA9ADb88efa160A1987DBbf42B916aB83983751
12D3KooWBvXH8VMDqSspcZiQt6Q12DsHq5BeVf7SxMFvRGb7U6Rp,513,0xB35728D533Ea887862b9Ed00cfe2B7F3D36A4e71,vesting,0xA205c6e35e0814B0A602b016B539E819807f27F3
12D3KooWEsnYd3HitXmCG7q22bLVEpLLoDBBErodrticmAFmsJTh,2107,0x73471B6AB0b62d6918656B467317771C60094937,vesting,0x678d14c7e33f8D699aE3B9C0ca077245969D1942
12D3KooWFuaQdCQzT6MD7CXLBrWi1Mcg6RceD29GYuSe5MSphRZP,2231,0x920848e15407e7d1a88B5E16506a5724BFDe9164,vesting,0x2aA9ADb88efa160A1987DBbf42B916aB83983751
12D3KooWM6hr86UkRsY2fbAL7fUGgfCYZskWWRGYwZiiQu16FvCf,945,0xC99B581a508e8ae499671B4fa1d43E96B127094f,vesting,0x51FF35792Ec01fEA7048A295Ea68A3156d92b629
12D3KooWLjNZcVpiRUNZ44hxWJvYSTRYZPfRXJhC9GUJ5kt116FT,813,0xC99B581a508e8ae499671B4fa1d43E96B127094f,vesting,0x51FF35792Ec01fEA7048A295Ea68A3156d92b629
12D3KooWFV3DSZhrWYoShSmB3xvEVSai7eyjVzgEMRMxmEqLkcUZ,431,0xB35728D533Ea887862b9Ed00cfe2B7F3D36A4e71,vesting,0xA205c6e35e0814B0A602b016B539E819807f27F3
12D3KooWK3SUNTVR5gbDpw5DbZDtSn6GVUoaAJarTWCQWwgmpikQ,1790,0xec6E0dBf15C8a106471A9163A4848C4e8D06b63D,vesting,0x80c88d21975aB9829181536766d15005444B9aAd
12D3KooWGBJaMxmmKCDYiXimo3qeXehnt8jiSxaQ6YHJRGTH3J7n,1737,0xec6E0dBf15C8a106471A9163A4848C4e8D06b63D,vesting,0x80c88d21975aB9829181536766d15005444B9aAd
12D3KooWJbRd1hEEaXvMX1gmVWFkWhsXVGmPQB3ofAvTLu6RhM9x,784,0xB35728D533Ea887862b9Ed00cfe2B7F3D36A4e71,vesting,0xA205c6e35e0814B0A602b016B539E819807f27F3
12D3KooWLvrT8CMSZQX5GTuuk3oQJUShd4chjkB3qgHSJUHzB5Zd,2218,0x920848e15407e7d1a88B5E16506a5724BFDe9164,vesting,0x2aA9ADb88efa160A1987DBbf42B916aB83983751
12D3KooWGsJiGLzK1LHY244bM5NBsexx7hkwLTmQRJh9LeS8fGbV,902,0xC99B581a508e8ae499671B4fa1d43E96B127094f,vesting,0x51FF35792Ec01fEA7048A295Ea68A3156d92b629
12D3KooWRAuqmaZkfQDzuX2a171ezuAuwA21m4XUdBxDtsQxEmpv,3430,0xcd65B8BeeE22C8D1De6653A47e928d387e037aD3,eoa,0xcd65B8BeeE22C8D1De6653A47e928d387e037aD3
12D3KooWLAfTA8t9cedfGuDQuUjb2isA3ErYXjx2KHG89fueeWJA,2152,0x73471B6AB0b62d6918656B467317771C60094937,vesting,0x678d14c7e33f8D699aE3B9C0ca077245969D1942
12D3KooWEfm1ZhZNoeb947uPhFL1yYmDjD4p9kMohj26hz9MeUau,2271,0x920848e15407e7d1a88B5E16506a5724BFDe9164,vesting,0x2aA9ADb88efa160A1987DBbf42B916aB83983751
12D3KooWDaX2mBtyjqAZGQ43wxeXfJA7mYDzXddVM1xYMKT7ztST,2286,0x920848e15407e7d1a88B5E16506a5724BFDe9164,vesting,0x2aA9ADb88efa160A1987DBbf42B916aB83983751
12D3KooWPhHpo17qHyS3pwNVqdhPLttquZepqfgh82siPPAXJ33b,1756,0xec6E0dBf15C8a106471A9163A4848C4e8D06b63D,vesting,0x80c88d21975aB9829181536766d15005444B9aAd
12D3KooWNnywWPDcMkmhabZ1rMkszGD9pwyRq6Ww4Wpiyr1GJSoZ,908,0xC99B581a508e8ae499671B4fa1d43E96B127094f,vesting,0x51FF35792Ec01fEA7048A295Ea68A3156d92b629
12D3KooWK74yoh1Xa4ok9yMkrHUKEGniyzhQetaXVdvHx1HhsCDL,3421,0xcd65B8BeeE22C8D1De6653A47e928d387e037aD3,eoa,0xcd65B8BeeE22C8D1De6653A47e928d387e037aD3
12D3KooWJFMRLFXJKPUWWJsoG3T2N8H4wobMGoSDeJcfAeU6Hixn,3427,0xcd65B8BeeE22C8D1De6653A47e928d387e037aD3,eoa,0xcd65B8BeeE22C8D1De6653A47e928d387e037aD3
12D3KooWKyCSYdM9vhUpwMbJUfGWwAib4JvMQnpjHpkPPuEhiJRy,814,0xC99B581a508e8ae499671B4fa1d43E96B127094f,vesting,0x51FF35792Ec01fEA7048A295Ea68A3156d92b629
12D3KooWK1gTP64AoskPbz2yjmLtgpL8XSDvycjY5LyrgWR8HYh8,3433,0xcd65B8BeeE22C8D1De6653A47e928d387e037aD3,eoa,0xcd65B8BeeE22C8D1De6653A47e928d387e037aD3
12D3KooWRhG3YbEMPvvJML5nniH57bsLhrByER74UQzKSr7WZzVJ,928,0xC99B581a508e8ae499671B4fa1d43E96B127094f,vesting,0x51FF35792Ec01fEA7048A295Ea68A3156d92b629
12D3KooWEBJJ5fR3r17mjFDDcQvuKszyy2k4ZntFbyqbxrdRayPE,1712,0xec6E0dBf15C8a106471A9163A4848C4e8D06b63D,vesting,0x80c88d21975aB9829181536766d15005444B9aAd
12D3KooW9z3ZhgC79qkYLNaf7fSszWcuxuLdn5a4ANsaD7m8wATE,3434,0xcd65B8BeeE22C8D1De6653A47e928d387e037aD3,eoa,0xcd65B8BeeE22C8D1De6653A47e928d387e037aD3
12D3KooWGZe7R2mokXR3ZindHEv7xNJh8PV3YwJWdnkFognMSB7x,743,0xB35728D533Ea887862b9Ed00cfe2B7F3D36A4e71,vesting,0xA205c6e35e0814B0A602b016B539E819807f27F3
12D3KooWBMuFWwa5htrn8QUN4x2wtNaPhyfdBw14Yrz1hTv8F45L,1778,0xec6E0dBf15C8a106471A9163A4848C4e8D06b63D,vesting,0x80c88d21975aB9829181536766d15005444B9aAd
12D3KooWB8LPMVxSMaLyBp9qYopyjk3AEzPzNnFBahWdnddAMvj8,335,0xB35728D533Ea887862b9Ed00cfe2B7F3D36A4e71,vesting,0xA205c6e35e0814B0A602b016B539E819807f27F3
12D3KooWMMyCeGDzph8icjChA7LPFtfY1btEdTmiAAuJYr9f69ew,946,0xC99B581a508e8ae499671B4fa1d43E96B127094f,vesting,0x51FF35792Ec01fEA7048A295Ea68A3156d92b629
12D3KooWAa9o8gXQ6RdSQ8cNW9HqvXMSkHVngby3syGxHpvfhSdo,2092,0x73471B6AB0b62d6918656B467317771C60094937,vesting,0x678d14c7e33f8D699aE3B9C0ca077245969D1942
12D3KooWSfUjY8ap86RrPXVAYax4eqJeEMciQVw7cogie1sJkWTp,1717,0xec6E0dBf15C8a106471A9163A4848C4e8D06b63D,vesting,0x80c88d21975aB9829181536766d15005444B9aAd
12D3KooWBAVETiNjjApb5ajrLPQ1Nfe4NLQuYmZn1afkTNSobbsH,947,0xC99B581a508e8ae499671B4fa1d43E96B127094f,vesting,0x51FF35792Ec01fEA7048A295Ea68A3156d92b629
